"","seq_id","seq_len","start","end","primer_len","primer_id","penalty","sequence","tm","gc_percent","self_any_th","self_end_th","hairpin_th","end_stability","pcr_product_size","intergenic_off_targets","intronic_off_targets","exonic_off_targets"
"1","ACTB",2884,2508,2527,20,"ACTB.primer_left_1",0.169009,"GCCGAGGACTTTGATTGCAC",59.831,55,0,0,0,4.57,457,2,0,0
"2","ACTN4",3971,3613,3632,20,"ACTN4.primer_left_0",0.247736,"GGCCTCACGTGTCTCAGATT",59.752,55,16.51,0,0,2.4,439,0,0,0
"3","CD151",363,34,53,20,"CD151.primer_left_2",0.035317,"CTGCTGCACCCAACTACTGA",59.965,55,0,0,0,3.41,410,0,1,0
"4","CD74",4058,3683,3702,20,"CD74.primer_left_0",0.034896,"GCTCTTTCGTCACCCTTGGA",59.965,55,0,0,0,3.53,456,0,0,0
"5","CHD4",8909,8544,8563,20,"CHD4.primer_left_0",0.035915,"GACCCTCACCTTCCTTCTGC",60.036,60,0,0,0,4.26,446,16,13,1
"6","CNN2",2938,2573,2592,20,"CNN2.primer_left_1",0.102844,"CAGTTGTGGTTGTTGCCCAG",59.897,55,0,0,31.13,4.45,446,1,0,1
"7","ESRRB",4779,4473,4492,20,"ESRRB.primer_left_1",0.041833,"ACTTCAGAGCCCCTCTAGCA",59.958,55,0,0,38.99,3.49,387,3,2,0
"8","GAPDH",2010,1630,1649,20,"GAPDH.primer_left_2",0.251653,"ACCTGACCTGCCGTCTAGAA",60.252,55,0,0,42.49,2.1,461,0,0,0
"9","GBX2",2016,1623,1643,21,"GBX2.primer_left_4",1.067565,"GCTTTTGAAGGGGCTTACAGC",60.068,52.381,0,0,41.46,4.4,474,1,0,0
"10","KLF2",1884,1578,1597,20,"KLF2.primer_left_0",0.116143,"TGGGCATTTTTGGGCTACCT",59.884,50,0,0,37.76,3.08,387,1,2,0
"11","KLF5",3441,3114,3134,21,"KLF5.primer_left_0",1.072173,"GCAAAATGCCAAAAGGGGTCT",59.928,47.619,0,0,37.42,3.85,408,0,0,0
"12","MBD3",5583,5168,5187,20,"MBD3.primer_left_4",0.253327,"GACCTCAAGTGATCCCCCAC",59.747,60,0,0,37.32,4.61,496,58,59,1
"13","MLH1",4359,3989,4008,20,"MLH1.primer_left_1",0.038166,"GCCACTGAGGTGAATTGGGA",59.962,55,0,0,45.61,4.37,451,4,1,0
"14","MYH10",15483,15104,15123,20,"MYH10.primer_left_1",0.478507,"CCCTTCCCTTTGGACAGTGT",59.521,55,0,0,41.57,3.55,460,6,7,0
"15","NANOG",5081,4728,4747,20,"NANOG.primer_left_2",0.178944,"TCAGTTCTCGGGGTGAAGGA",60.179,55,0,0,0,3.36,434,1,0,0
"16","NODAL",1451,1035,1054,20,"NODAL.primer_left_4",0.251341,"GTGGAAGAATGTGGGTGCCT",60.251,55,0,0,0,4.75,497,9,7,0
"17","NOP14",3373,3052,3071,20,"NOP14.primer_left_3",0.17668,"TCAAGCGATTCTCCTGCCTC",59.823,55,0,0,0,4.7,402,0,0,200
"18","PGK1",2379,1967,1986,20,"PGK1.primer_left_1",0.178967,"TGAATGCAAGAAGTGGGGCA",60.179,50,0,0,41,5.36,493,3,4,0
"19","POLA1",7556,7223,7242,20,"POLA1.primer_left_2",0.105593,"ACAGACACACACTGAGCAGG",59.894,55,0,0,38.55,4.85,414,4,5,0
"20","POU5F1",2760,2385,2404,20,"POU5F1.primer_left_0",0.037419,"TCAAGCAGCGACTATGCACA",60.037,50,0,0,46.31,4.57,456,0,1,1
"21","RPL3",2686,2287,2307,21,"RPL3.primer_left_2",1.13425,"GGGCTCTGGAGAAGATTGACC",60.134,57.143,1.35,0,33.29,4.02,480,4,1,0
"22","SALL4",5120,4714,4733,20,"SALL4.primer_left_0",0.107831,"TTGGTGGGAAGAGGTGAACG",59.892,55,0,0,0,3.95,487,0,0,0
"23","SOX12",3098,2752,2771,20,"SOX12.primer_left_1",0.311165,"CTACCTGTATCTCACCGGCG",59.689,60,0,0,34.99,6.46,427,0,0,0
"24","SOX2",2406,2091,2114,24,"SOX2.primer_left_2",4.098807,"TCTGTGGTCTTGTTTAAAAAGGGC",59.901,41.667,0,0,0,5.19,396,0,0,0
"25","STAT3",5072,4756,4775,20,"STAT3.primer_left_0",0.112606,"TCATAGGGACCTAGGGCGAG",59.887,60,14.81,0,31.96,5.03,397,1,0,0
"26","TCF3",4982,4589,4608,20,"TCF3.primer_left_0",0.183492,"TCAATGCCTGGTATCTGCCC",59.817,55,0,0,0,5.36,474,5,0,0
"27","TFCP2L1",9155,8739,8758,20,"TFCP2L1.primer_left_0",0.108585,"GTTGAGCTTCCTGGTGTCCA",59.891,55,0,0,0,4.02,497,8,4,1
"28","TUBB2B",3105,2753,2772,20,"TUBB2B.primer_left_0",0.042131,"TAGGGAAAGCGGAGGAGGAA",59.958,55,0,0,0,3.36,433,4,0,0
"29","XYLT2",4366,4014,4033,20,"XYLT2.primer_left_3",0.254178,"CTGAGCCCACCTGCTATTGT",59.746,55,0,0,42.95,2.71,433,2,1,0
"30","ZFP42",2604,2258,2277,20,"ZFP42.primer_left_2",0.168128,"GTTGCATACGCCTGTGTTCC",59.832,55,0,0,37.32,3.62,427,1,1,0
