AmpID,chr,amplicon_start,insert_start,insert_end,amplicon_end,Ref_Genome,fwd_seq,rev_seq,amplicon_seq,review
AMPL779104,chr1,1079704,1079724,1079877,1079896,ucsc_hg38_clean_MB,TTCTCTCAGCTCAGACGGTC,GTGCTCACACCAGCATCCA,NA,1
AMPL779105,chr1,1375338,1375359,1375544,1375564,ucsc_hg38_clean_MB,TTAGTGGAATCACGGTCCCAG,GTAACTCCACTTCCGTTGCC,NA,0
AMPL777015,chr1,5717697,5717720,5717880,5717901,ucsc_hg38_clean_MB,TTTTCCCTTGGATTTTCCTCTGG,CCTTTCCGCTTTGAAATTGCC,NA,0
AMPL779107,chr1,6240271,6240294,6240494,6240515,ucsc_hg38_clean_MB,AATTTATGAGCACCATCAGCCCA,TCTCTTTAGCTGTGTTGGGGC,NA,0
AMPL779108,chr1,9461744,9461768,9461947,9461974,ucsc_hg38_clean_MB,ATATGTGGAGGGACAATGATGTGA,GAATGAAATAAGTCAGGCAGAAAGAAG,NA,0
AMPL779109,chr1,9835776,9835799,9836004,9836026,ucsc_hg38_clean_MB,CATCAGAGGGCATTGATTTAGGG,CACTAGGTCATCCCTACTTCCC,NA,0
AMPL777017,chr1,16012695,16012716,16012872,16012896,ucsc_hg38_clean_MB,TTCCAGAGCCATAGCAAGGAT,AATTATAGCCGCCCCATTCATTGA,NA,0
AMPL777019,chr1,16678185,16678208,16678376,16678405,ucsc_hg38_clean_MB,CCCCTAAATGCACTCTTGGGTTA,GAACAGTTTCTAAATCTTTGTGGTTACTC,NA,0
AMPL779112,chr1,19009858,19009881,19010060,19010081,ucsc_hg38_clean_MB,TTAGCTCACACCTGTCCTTTCTC,TGACCTCAGGAATTCTTGGCG,NA,0
AMPL779113,chr1,19011277,19011299,19011463,19011488,ucsc_hg38_clean_MB,GTGAAGTCATCGGCTGGTAAAC,ACTAAAGCCCAAAGATGTGACTTAC,NA,0
AMPL779114,chr1,22262517,22262542,22262692,22262712,ucsc_hg38_clean_MB,TCAGGCTTGACTTTTACATTCTCCA,TGGTCTGAGATCAAAGGGGC,NA,0
AMPL777022,chr1,22412573,22412597,22412758,22412782,ucsc_hg38_clean_MB,CTACTTCCCACCCAATTTGTGAAT,GGAAATGACTCGTCTGGTTTACAT,NA,0
AMPL779116,chr1,30719107,30719127,30719286,30719306,ucsc_hg38_clean_MB,AGACCCGTTTCCTCTGACTG,ACGACTCCCACAGCCATCAG,NA,1
AMPL779117,chr1,30719363,30719385,30719551,30719573,ucsc_hg38_clean_MB,GGTTCCACATGGTGCAGTTCTG,TATCATACCGGGGAGTGGAGGA,NA,0
AMPL777026,chr1,36401109,36401135,36401318,36401343,ucsc_hg38_clean_MB,GTGTTTCAGTCCATATGTGTTACAGC,AAAGGAGTATAACATATTCCTGGCC,NA,0
AMPL779119,chr1,43510030,43510055,43510214,43510237,ucsc_hg38_clean_MB,ACTGATAAGAACTTTTCCCAACACC,AGTTCATAGAAAACACTGCCCAC,NA,0
AMPL779120,chr1,44730909,44730933,44731107,44731134,ucsc_hg38_clean_MB,TCTAGTCTAAAACCCCACTTCCAA,GCCTTTTACTAAAGATTTCCGTGGAGA,NA,0
AMPL779121,chr1,50333331,50333352,50333502,50333523,ucsc_hg38_clean_MB,TACCCTCACCACAGTCACAGA,AAGGAGCTCTAGAACCCAGGT,NA,1
AMPL779122,chr1,50423459,50423481,50423673,50423693,ucsc_hg38_clean_MB,TCTATTGTTGGTCCTTAGGGCT,TTTTCAACGCTCCTCCTCGC,NA,0
AMPL779123,chr1,53430900,53430924,53431086,53431108,ucsc_hg38_clean_MB,CTGGATCTAGGGAAAAGAGTCTGA,GGTTATGGCAGCATACACACAC,NA,0
AMPL779124,chr1,54488080,54488102,54488321,54488340,ucsc_hg38_clean_MB,CCTTGTCTCTCTCCCTCTGATT,TGAGACGTTTCCCTGCACG,NA,0
AMPL779125,chr1,58590821,58590844,58591024,58591049,ucsc_hg38_clean_MB,CCACATCGTGAAGCTAGTGATAG,GCATGAAAGCCCTTAGTGTAAATCA,NA,0
AMPL779126,chr1,63319680,63319700,63319909,63319936,ucsc_hg38_clean_MB,TCAAGGCCAGCAGGAACCTT,AAACTTTTCGACTCGATTAGCTAAATG,NA,1
AMPL779127,chr1,78491589,78491610,78491769,78491789,ucsc_hg38_clean_MB,CCTTTGGCGTTTGAGCAATTG,AATTCCGGAGCCAGCCTTTC,NA,0
AMPL777040,chr1,94927799,94927821,94927981,94928003,ucsc_hg38_clean_MB,AGTGCTTTTCTGGATTCGCATC,TTACGGGTAGGAAATGGGACTG,NA,0
AMPL777041,chr1,95142661,95142681,95142895,95142916,ucsc_hg38_clean_MB,CACAATCTAGGCCGGTTGTG,AGTGGTGCGATAGATCTCAGC,NA,0
AMPL777042,chr1,101996718,101996750,101996940,101996962,ucsc_hg38_clean_MB,TTCAAACAAGACTCAAAATATTGTTCATACCT,GTTATTGCTACTGCTGCTGCCG,NA,0
AMPL777044,chr1,114037521,114037549,114037722,114037744,ucsc_hg38_clean_MB,CATGAAAGTTAAACTCTGCCATTTTGCC,AACCAGAAACATCAGGCAACCA,NA,0
AMPL779132,chr1,151509956,151509980,151510138,151510161,ucsc_hg38_clean_MB,TCAGGAGGCTGCACAATAAAAGAA,GCATTCCAGAGCAAGCTGTATAT,NA,0
AMPL777048,chr1,155070778,155070802,155070960,155070980,ucsc_hg38_clean_MB,TTCCATCTTTACCGTCATCCAGGA,CTGGTTCTGCGAAAAGGAGG,NA,0
AMPL779134,chr1,155173262,155173282,155173469,155173493,ucsc_hg38_clean_MB,AAGAAAGGCGAGCTGAACCG,ATAAGTGCACCTTGTACAGAGTGG,NA,0
AMPL779135,chr1,155227606,155227628,155227813,155227836,ucsc_hg38_clean_MB,CCCTCCACAAGTCTCATTGGTC,TGAAGAGGAAGGTTAGGAATCCT,NA,0
AMPL779136,chr1,156692778,156692800,156692992,156693017,ucsc_hg38_clean_MB,ATTCTTATCCAGGGCAGGAACA,GTCTTTGTGGAAAGTGAATCAGTCA,NA,0
AMPL779137,chr1,156693291,156693314,156693498,156693523,ucsc_hg38_clean_MB,CGGTCCTTAAGCAGTTCTTTGTT,GAAAATGAGAGAAGAGAGAGGCAAA,NA,0
AMPL777052,chr1,156706577,156706601,156706761,156706781,ucsc_hg38_clean_MB,TTGAAACGGGAGATCAAAGAGGGT,TGGCTCCAATCACTGCATCC,NA,1
AMPL777053,chr1,156707709,156707731,156707887,156707908,ucsc_hg38_clean_MB,CACCCAGGTCATTTCGTCCATC,CTATGACTGTCCCTGCATCCT,NA,0
AMPL779140,chr1,156708402,156708425,156708613,156708634,ucsc_hg38_clean_MB,CTAACCAAGGAGGATGGAGATGC,ATGACCAAAGCTCCTGCAAAG,NA,0
AMPL777054,chr1,160193671,160193694,160193865,160193886,ucsc_hg38_clean_MB,GATTTGGACCTTGAATCTGTGGG,GTTTTCAAGCAAGGCCGTCAG,NA,0
AMPL779142,chr1,165236138,165236162,165236346,165236370,ucsc_hg38_clean_MB,GGTGTAATTCAAACTGTTGTGAGC,CTGCAAGCCTGTACGATAGATTTT,NA,0
AMPL779143,chr1,165630575,165630596,165630753,165630774,ucsc_hg38_clean_MB,TCCACGGACAATTGGGAGACT,AGGTTGCTACACTCCCGAAGT,NA,0
AMPL779144,chr1,165630922,165630946,165631106,165631127,ucsc_hg38_clean_MB,CAAATTATTCACGTCCCACTGTTC,GTCTAAGTTGCCAACTCAGGG,NA,0
AMPL777060,chr1,196991780,196991803,196991999,196992020,ucsc_hg38_clean_MB,CCTGTATGAGGTGTCAGTTTTCC,AGGCCTGCTGCTTCTGTAAAC,NA,0
AMPL777061,chr1,197911551,197911571,197911720,197911745,ucsc_hg38_clean_MB,GCAGAATACTCCCGAGTGCT,CAGCTTGTACCTAAAAGATGCTGCC,NA,0
AMPL779147,chr1,199808042,199808066,199808254,199808276,ucsc_hg38_clean_MB,GGGACACAGTAAGGAAATGACAAG,CTCAAAGTGCTGTCTGATGAGC,NA,0
AMPL777062,chr1,200488435,200488459,200488625,200488647,ucsc_hg38_clean_MB,TCATGGAAAAGGCAACATCTGACA,TTGAGACGCTGTTAACCTGCTT,NA,0
AMPL777065,chr1,203487780,203487801,203487983,203488005,ucsc_hg38_clean_MB,ATCTGTTCTCCATCAGTGTGC,GAAAATCACCCCAGGAAGAGGG,NA,0
AMPL779150,chr1,204507206,204507228,204507413,204507438,ucsc_hg38_clean_MB,CGTGATTCGTGCGTAAAAGGAA,ACTGATGCCCATTCTGTTATCAATG,NA,0
AMPL777067,chr1,205122120,205122145,205122327,205122350,ucsc_hg38_clean_MB,TGATCTTTGCTGAGGTACAACAATG,CCTTCCCTGGTTTCTTGCATTAG,NA,0
AMPL779152,chr1,207320983,207321009,207321166,207321188,ucsc_hg38_clean_MB,GTGTCTTTCGTAAATAAGGAGAACCC,TCTACTGGGAGGTCTGTCAAAG,NA,0
AMPL779153,chr1,209566976,209566999,209567186,209567212,ucsc_hg38_clean_MB,CTTACGTGGTGGCTAACAAAGAA,CTACAAATATACTGATGTGGTTTGGC,NA,0
AMPL779154,chr1,212915281,212915304,212915469,212915492,ucsc_hg38_clean_MB,CTCCATTGTCCAGTAAGGCAAAC,TGACCAGTAGAGAGGGTGATTTC,NA,0
AMPL779155,chr1,220786559,220786586,220786797,220786817,ucsc_hg38_clean_MB,CCAGCTGTCTGATTTCTAATTTCAAAA,ATCAGAGCAGTGCGTCCTTC,NA,0
AMPL777069,chr1,221742254,221742281,221742463,221742485,ucsc_hg38_clean_MB,ATCTCTTTAAGGAGGGTTTATCCGAAG,CAGTGGGAAGAGCCAGTTTTAG,NA,0
AMPL779157,chr1,223022727,223022747,223022952,223022973,ucsc_hg38_clean_MB,TCCATCTGGGTTAATGGCCC,CTTTGGGATGCAAACCAGGCA,NA,0
AMPL777072,chr1,223143235,223143253,223143419,223143439,ucsc_hg38_clean_MB,CTCCTCCCGGACGCAAAA,ACACTGTGGAAGTCTGCAGA,NA,1
AMPL777073,chr1,226083444,226083468,226083635,226083654,ucsc_hg38_clean_MB,CAGAGAGAACTTTCCCCAAAACGC,AAGGTCGGCAAACCTGGGA,NA,1
AMPL779160,chr1,226520736,226520763,226520918,226520943,ucsc_hg38_clean_MB,GCCAAGTGAATAAGAATAGATCAAGGG,CGTTTCATCTCCCAACATAGGATTT,NA,0
AMPL777078,chr1,237032045,237032067,237032222,237032249,ucsc_hg38_clean_MB,TCAGTCTCTTTGTGCTGAGGTT,GAGAAATGCAAATAGTAAGTGGCTCTT,NA,0
AMPL779162,chr1,244353827,244353852,244354030,244354054,ucsc_hg38_clean_MB,TATCAAAGTAACTCATTGCTGCGAG,TTCCTTGTAAGTGTTGCATCTGTG,NA,0
AMPL777083,chr1,248873804,248873825,248873986,248874008,ucsc_hg38_clean_MB,CACCAGCGGACACAAGTATGA,AAAATTCTGGGGTTTCTTCCGG,NA,0
AMPL779164,chr2,290179,290205,290392,290413,ucsc_hg38_clean_MB,ACATTTCTGCTAAAATACACTCAGGA,TTTTCTGGGAACTGCGGTGTC,NA,0
AMPL779165,chr2,893218,893245,893408,893429,ucsc_hg38_clean_MB,CTTGCAGTCAATTAATTTGCTAGATCA,ATTGTGTCCTGCTGTTTGCTG,NA,0
AMPL779166,chr2,3652257,3652280,3652427,3652451,ucsc_hg38_clean_MB,GCTGCTGTGTTTGCATTTCACTA,CCTTTGTATCTAAGGCATGGACGC,NA,0
AMPL779167,chr2,5725633,5725660,5725815,5725838,ucsc_hg38_clean_MB,GAGTAAAGTGGTCAATGTAAATTGTCC,TGGGAATTCTCTGAATGCTGATG,NA,0
AMPL777087,chr2,7431065,7431089,7431242,7431262,ucsc_hg38_clean_MB,TCTCTGAAAGCCTTATTGATTGCT,CATTGTGAGCGGCAAAGAGC,NA,0
AMPL779169,chr2,12096917,12096939,12097143,12097165,ucsc_hg38_clean_MB,TACCACTTCAGGCACACTACTC,ACAGCATTTCACAAGAGGCAAA,NA,0
AMPL779170,chr2,21890066,21890091,21890275,21890298,ucsc_hg38_clean_MB,AGGTCTGAAGGTAATCATGTCTGAG,CTCTGCCCACTGTTTATCAAGAC,NA,0
AMPL779171,chr2,41953614,41953636,41953836,41953858,ucsc_hg38_clean_MB,TGACTTTCAGTTCTCTCGGAGA,ATGGGGAAGGTTTCAATTGAGC,NA,0
AMPL779172,chr2,42132870,42132898,42133079,42133100,ucsc_hg38_clean_MB,TGTTATTCCTAATAGGGTTCATTGAGCT,GCTTTTACAGGCGAGCTTTGC,NA,0
AMPL779173,chr2,45014508,45014530,45014690,45014713,ucsc_hg38_clean_MB,ATAGACGCTGGCTTTTCTCCAT,CCAAGGAACAGGAGAGTAAGAGG,NA,0
AMPL779174,chr2,45170222,45170243,45170451,45170471,ucsc_hg38_clean_MB,TCTTCAGGAAGAAGCCGTAGG,ATGTGACAGGCAGGGGAGAC,NA,1
AMPL779175,chr2,45170473,45170495,45170654,45170674,ucsc_hg38_clean_MB,TGCACTTATTTAAAGCTCGGCT,ATTGGTGCAGCGGGAATCAC,NA,0
AMPL777097,chr2,47402637,47402662,47402847,47402868,ucsc_hg38_clean_MB,CTGTGTAGAATAAACCCGTAATCCC,GGGTGTATGCAAGGGTAGGTT,NA,0
AMPL779177,chr2,58596486,58596509,58596667,58596690,ucsc_hg38_clean_MB,GCTTTTGGCGTTTGAGGAAAATC,AGGAGGGGAAACTTGTCTACATT,NA,0
AMPL779178,chr2,59910334,59910357,59910528,59910553,ucsc_hg38_clean_MB,CATCTCTTCCTCCATCTGTGCAA,GTGCATCCTTAAAATGGGTTCAGAA,NA,0
AMPL779179,chr2,62295984,62296006,62296201,62296223,ucsc_hg38_clean_MB,CTGGCAAAGTTGAGGGTTTTCT,AGGCTGTGGGGATTGATAAGAC,NA,0
AMPL777098,chr2,64228453,64228478,64228654,64228678,ucsc_hg38_clean_MB,AAACAGTTCTCATTTTGTGTGCTCG,TGGAAGAGAATAGATACGCCTGAT,NA,0
AMPL779181,chr2,69829127,69829147,69829337,69829357,ucsc_hg38_clean_MB,ACCCTATTCGGACATCCCAC,TATTTGGTCTCCTTGCGGGA,NA,0
AMPL777100,chr2,70329050,70329073,70329264,70329287,ucsc_hg38_clean_MB,TCTGCCCAGATTGTCTTAATGAC,AGGAGGGTGTTTTCTTCAAGTTG,NA,0
AMPL777102,chr2,75374638,75374662,75374819,75374841,ucsc_hg38_clean_MB,TATCACAGGTTGATCTCAGACCGC,GGAGGATTTCCCTTTCTGAGCC,NA,0
AMPL777103,chr2,88016196,88016217,88016392,88016418,ucsc_hg38_clean_MB,CAGCCACCTCGTTTTGGAAAA,GTTTACTCTATCTAGTCTACGCATCG,NA,0
AMPL779185,chr2,88549561,88549589,88549797,88549818,ucsc_hg38_clean_MB,TTCTATGAGATACCACGAATATGAACTG,ATGAGAACTACCGGCGATGGA,NA,0
AMPL777105,chr2,113818343,113818372,113818541,113818564,ucsc_hg38_clean_MB,ATTATCTAGAATGTTAGTGAGGAGTCTGG,ACATAGGAAAAGCATGACTGACC,NA,0
AMPL777106,chr2,121018818,121018841,121019044,121019064,ucsc_hg38_clean_MB,AAGAACAGTCAGCCCTCAATGAG,GAAAGGCTGCTGTGGGGTTG,NA,1
AMPL779188,chr2,122660959,122660981,122661139,122661164,ucsc_hg38_clean_MB,AAAGTCAACCAGCAGCTTGAAC,ATTAGAAGATTCTAGTGCGGTCCAC,NA,0
AMPL779189,chr2,122999870,122999892,123000074,123000100,ucsc_hg38_clean_MB,TCAGAGCAAGAAGACAGTGACG,CGAGAGCCGATTTATCAAGACAAAAG,NA,0
AMPL777109,chr2,127700869,127700893,127701078,127701103,ucsc_hg38_clean_MB,GAACAGAATAGAGAAGCAGGTTGA,GGTACACAGAATCTCTCTTGTTTCT,NA,0
AMPL779191,chr2,129877945,129877967,129878127,129878149,ucsc_hg38_clean_MB,TCTGCATGATGAACACAACAGT,TTCAGAAATAACCCCTGCGAAG,NA,0
AMPL779192,chr2,152176001,152176021,152176189,152176214,ucsc_hg38_clean_MB,AAGTAGTCCCGCCTGGAACT,TTTCTAGGGAAACAGGACTGTAACG,NA,0
AMPL779193,chr2,162731980,162732004,162732168,162732190,ucsc_hg38_clean_MB,GCACTTGAGTTTTCAGCTAAATGG,ATTGCCATCCTCTTCACACGTA,NA,0
AMPL779194,chr2,169095831,169095855,169096025,169096050,ucsc_hg38_clean_MB,TTTTCAACCCCATTCCTTATCTGC,GGCAAGTCTTTCAATTTCCCTTACA,NA,0
AMPL779195,chr2,170815910,170815935,170816117,170816140,ucsc_hg38_clean_MB,GGTGGGAATTTCTCTTTCAACGCAT,TCACGTTTGAAGGTTGATGACAC,NA,0
AMPL777113,chr2,170817961,170817984,170818192,170818212,ucsc_hg38_clean_MB,CCTCTCACCTTGTCTCACCAAAG,TACAAGACGCAAGGGTGTGG,NA,0
AMPL779197,chr2,174337106,174337126,174337296,174337316,ucsc_hg38_clean_MB,AAGGTGTACGGGAAGACGTC,TGTGTTTGCTCAGGTGGTCG,NA,1
AMPL779198,chr2,180056684,180056706,180056868,180056891,ucsc_hg38_clean_MB,CATGTGCTTAATCAGTGTGCCC,CAGCGGACTCAAAGGATTAAGAA,NA,0
AMPL779199,chr2,180057002,180057026,180057188,180057213,ucsc_hg38_clean_MB,GCGGAGAATGTCTAAAAGAAGCTC,CAATTCCATAGTCCCTTGTTTTGGA,NA,0
AMPL779200,chr2,184597612,184597634,184597793,184597817,ucsc_hg38_clean_MB,GGTTCCCTACTTTCCGTGACAA,AACCTCAGTTCTTCCTAAATTGCT,NA,0
AMPL779201,chr2,187994588,187994610,187994784,187994808,ucsc_hg38_clean_MB,ATCACTGTGGGTTCCATTAGCA,AAGTTCATATTCTGGCTTCACACA,NA,0
AMPL777118,chr2,197804221,197804245,197804434,197804458,ucsc_hg38_clean_MB,ATACTCAATACCCACTTTCCTCCA,AGAATGGAATGTGTTCTGCAACTG,NA,0
AMPL779203,chr2,202023748,202023774,202023954,202023976,ucsc_hg38_clean_MB,GAGATCACATAACAGTTTCTCTCTCC,TTTCACATTTCCACTTAGCCGC,NA,0
AMPL777120,chr2,206803259,206803281,206803459,206803485,ucsc_hg38_clean_MB,TGCAAGGTCACCAGTGAATAGA,TATTCTCAAAATATGCAGCTCTCACC,NA,0
AMPL779205,chr2,211868318,211868345,211868496,211868522,ucsc_hg38_clean_MB,TGAAGTTCTGCTATCCTTTAACAATGC,TTTACATGGCTTATCTTCACTATGCC,NA,0
AMPL779206,chr2,217264176,217264201,217264364,217264394,ucsc_hg38_clean_MB,AGGCTTTTGAAACATAGAGACACAT,GGCTCTGATATTCTCTCTTCTAACATTATT,NA,0
AMPL779207,chr2,219965351,219965375,219965532,219965556,ucsc_hg38_clean_MB,ACTTTACTAACCCCTGTAGTGAGG,GTTGAAGTAAAACACAGACACCCT,NA,0
AMPL779208,chr2,231177695,231177719,231177882,231177907,ucsc_hg38_clean_MB,CACCCTCCCATCCTTTACTGTTAA,GCACATAGCCATCGTGTAATAATCA,NA,0
AMPL779209,chr2,231666789,231666811,231667011,231667033,ucsc_hg38_clean_MB,ACAATCCCCTAGGAGGAAGTGG,AGCCAAATATAGCTCCCAAAGC,NA,0
AMPL777128,chr2,233912677,233912703,233912885,233912906,ucsc_hg38_clean_MB,GGAAGATGTGAAGCTTAAATAAGGGG,AGGTCCCTCTAGATTTGGTGC,NA,0
AMPL779211,chr3,5023351,5023377,5023566,5023588,ucsc_hg38_clean_MB,ATCTGTTGGGATATTGAGTCACTGAG,TGAGCAAGATATGGCTGGTAGA,NA,0
AMPL779212,chr3,8599366,8599389,8599557,8599584,ucsc_hg38_clean_MB,TTTACCTGTGTCCACCTGTTGAT,GGGGAGAAGTGATAAAAGAATATGGTC,NA,0
AMPL779213,chr3,11118418,11118441,11118605,11118627,ucsc_hg38_clean_MB,CAGCTCTGTCACTTAACAGGTGT,CAAAATGGACCTCAGCCCTACA,NA,0
AMPL779214,chr3,13283504,13283525,13283690,13283710,ucsc_hg38_clean_MB,CAAAACACTGGGTATGGGCAG,CGGGGAAACGTCTTGCTTCT,NA,0
AMPL777136,chr3,35505017,35505046,35505235,35505255,ucsc_hg38_clean_MB,TATAAAACAGCCTTGTAAAAGCAAAGATG,TGTGGTGCTTGTCGTCTGTC,NA,0
AMPL777138,chr3,40309078,40309103,40309295,40309316,ucsc_hg38_clean_MB,GTCTATCAGTGTTTTCTCAAGCCCT,AAAATCGGGGTGCAGGAACAA,NA,0
AMPL777141,chr3,47380482,47380507,47380671,47380691,ucsc_hg38_clean_MB,AGTGATTCTGTTCCAAAGCTCGAAA,AACTTGCCCTCCCACGTATT,NA,0
AMPL777143,chr3,51390740,51390762,51390948,51390969,ucsc_hg38_clean_MB,GCAGGGTCTAAGGATAGGCATG,CTATCTCCTCTTGCAGGCACT,NA,0
AMPL777144,chr3,62876326,62876348,62876535,62876561,ucsc_hg38_clean_MB,GCACGCAGATGGATGAAAACAA,CAGGTCACTTTACTATCAAAGCTAGT,NA,0
AMPL779220,chr3,63400331,63400355,63400543,63400567,ucsc_hg38_clean_MB,GCTGGGAGGGTCTAATATGAGTTT,GGGAAGTTTCTTGCTGTGTAGAAT,NA,0
AMPL779221,chr3,102124386,102124411,102124572,102124595,ucsc_hg38_clean_MB,AAAACAAACACACCCCTTAGAAACC,TCCCCAAATCACACAAGTCCTAT,NA,0
AMPL779222,chr3,106913422,106913445,106913617,106913643,ucsc_hg38_clean_MB,CCAGGACTGTGAAAGAGCTGTAA,GAAGGAATTTTGGAGATCTTTAAGGC,NA,0
AMPL777149,chr3,122383223,122383246,122383423,122383447,ucsc_hg38_clean_MB,ATATTGGACAAACACGAGGACCC,AATCTTTGATCCATGTATCTGGCC,NA,0
AMPL777150,chr3,126180593,126180614,126180818,126180838,ucsc_hg38_clean_MB,CAGTCCGCGAGCTCTGGTTAA,GGACTTTTCAAAGCCCTGGG,NA,1
AMPL779225,chr3,126212660,126212681,126212841,126212865,ucsc_hg38_clean_MB,CTCCGGTTGCTGTGACAAAGA,GGGACAGGCAATACATTTACATGG,NA,0
AMPL779226,chr3,126226488,126226510,126226678,126226708,ucsc_hg38_clean_MB,ACCCTTCTTTTCACCCAGATGG,CACACTATTATCCAAAGTGGTATTTAGTTC,NA,0
AMPL779227,chr3,126476660,126476684,126476853,126476877,ucsc_hg38_clean_MB,CCTGCCTGTATTTCCAACTGTATT,ACCGATGACCAGCTAGTAGTTATT,NA,0
AMPL779228,chr3,127158961,127158981,127159186,127159209,ucsc_hg38_clean_MB,GGTCAAGTTCTGCATTGGCC,CTTTCTTCCTATGTGACAGCCAC,NA,0
AMPL777151,chr3,138594823,138594850,138595034,138595058,ucsc_hg38_clean_MB,CCACCATTGTCATTGTATCTTATAGCC,AGAAGGGTCTGAAAGTATTGAGCT,NA,0
AMPL777153,chr3,141486562,141486587,141486750,141486771,ucsc_hg38_clean_MB,ATAATACTGGAAGAGCCTCAAATGC,TCCCGTGATCCCTAAATCCTC,NA,0
AMPL779231,chr3,147141705,147141730,147141929,147141951,ucsc_hg38_clean_MB,TCCTGATGAGTTAAGAGGAGATGGG,GCCAGGAGATGTGACTTTTGCT,NA,0
AMPL779232,chr3,150130382,150130406,150130596,150130618,ucsc_hg38_clean_MB,TGTGATAGATAAGAGGGGAAGGTT,TGTGTGTCTCTTCAGGTTCTCC,NA,0
AMPL779233,chr3,161770752,161770774,161770931,161770958,ucsc_hg38_clean_MB,TGGGTTGAGGAAGTGATGACTC,GCTGAATAGTAGACCTTAATACACCAG,NA,0
AMPL779234,chr3,174767988,174768013,174768167,174768192,ucsc_hg38_clean_MB,GGCCTATTAGAAACTGTTACCTCAA,TCCTCCAACTCAAAGAAAGCAAAAC,NA,0
AMPL777158,chr3,186746049,186746072,186746268,186746293,ucsc_hg38_clean_MB,AGACCTAACTACCAAGCCAAAGT,GCATGTGTCTTTCTGTGAGTTAACT,NA,0
AMPL779236,chr3,190380335,190380364,190380513,190380538,ucsc_hg38_clean_MB,TTGTGACATACTAAACTATCCAGTTACTG,CCATGAATACTTCAGTCTCTCAACA,NA,0
AMPL779237,chr3,194089626,194089649,194089838,194089860,ucsc_hg38_clean_MB,ATTAATTCAGGAAGGAAGCCACG,AGATCTCGGTGATGCAATGTTG,NA,0
AMPL779238,chr4,4866073,4866093,4866286,4866306,ucsc_hg38_clean_MB,ACTTCTGGGCCTCCGAATCT,TGGGATGGACGAGAAGCAGT,NA,0
AMPL779239,chr4,4870404,4870426,4870588,4870613,ucsc_hg38_clean_MB,AATTCCTTACTCTCCAGTCCCC,AAACAGATTAATAAGAGTGCCTGCG,NA,0
AMPL779240,chr4,16990253,16990279,16990444,16990468,ucsc_hg38_clean_MB,CTGACCTTCCTCTGAAATAGATCACA,GATTTGATGGAGAGTGGACAAGTT,NA,0
AMPL779241,chr4,18022233,18022253,18022408,18022430,ucsc_hg38_clean_MB,CTTGCCGGTCATTGTAGTCC,GCCTAAGGAAGCTAAAGCAGTC,NA,0
AMPL779242,chr4,18106615,18106640,18106829,18106852,ucsc_hg38_clean_MB,AGTGATGAGTTCAGAATAGGCAAGT,GTAGGTGCTCAAATGTTACCAGC,NA,0
AMPL779243,chr4,22235251,22235276,22235440,22235462,ucsc_hg38_clean_MB,GAAAATGTCACAGGTGCTAATGAAC,CTACTTTCCCGAGGCTTTTGAC,NA,0
AMPL777163,chr4,56530145,56530167,56530384,56530404,ucsc_hg38_clean_MB,GGGGACAAAAGCCCGTATAGAG,ACCACTCTCCAGGACCTTCT,NA,0
AMPL777166,chr4,68906272,68906295,68906477,68906502,ucsc_hg38_clean_MB,CTATCTGTAGCACATTTGGCAGG,GTCCAATCGGTCTAAAACAAAAGGA,NA,0
AMPL779246,chr4,80213385,80213409,80213601,80213624,ucsc_hg38_clean_MB,TTGGTACTAGGGAAACAGACTCTT,TCTAGAAGGCAGGATCATCACAG,NA,0
AMPL779247,chr4,89308182,89308205,89308396,89308418,ucsc_hg38_clean_MB,GAGACCAGAGACAGATGGAAAGT,CTCTCCGAATACGCAGGATACT,NA,0
AMPL779248,chr4,92256068,92256090,92256283,92256306,ucsc_hg38_clean_MB,ATTTCCTCAGGTTGTTCAGGGT,CTAGATGAATGTTGCCACTCAGG,NA,0
AMPL779249,chr4,97042653,97042677,97042841,97042864,ucsc_hg38_clean_MB,GAAACTCAAGGAAATCAGGCATCC,GAGTGAAAGAAACCTTCCTGCTG,NA,0
AMPL779250,chr4,100317232,100317255,100317420,100317442,ucsc_hg38_clean_MB,AGGTATGAAGTAGAAACCCCAGC,AACTCATTTCCCTCTGTTGGCA,NA,0
AMPL779251,chr4,110620776,110620799,110620998,110621017,ucsc_hg38_clean_MB,CTTGTTAAAGGCTCACAGGTTGG,CGGCCTGGTTGCGAGATTA,NA,0
AMPL779252,chr4,110632993,110633015,110633181,110633206,ucsc_hg38_clean_MB,CTCCATTCCCCGTTATCTGCAA,TCTTGATAAATAAATGTCCTGGGCC,NA,0
AMPL779253,chr4,120067116,120067139,120067327,120067353,ucsc_hg38_clean_MB,AAGGAGCACAATTTCCGAGTTTC,AGTTCTTCTCTTTAATCCCTAACCCA,NA,0
AMPL777176,chr4,121380854,121380874,121381063,121381081,ucsc_hg38_clean_MB,GGAAGCCAAAGCACTGGGAG,AGGCGTCACCGAGTTCAG,NA,1
AMPL779255,chr4,139178561,139178583,139178754,139178782,ucsc_hg38_clean_MB,GCGGCGTTTTCTGTATTTGTTT,AGCTATCACTTATATTCCTCAGTGTTTC,NA,0
AMPL779256,chr4,151325876,151325902,151326082,151326106,ucsc_hg38_clean_MB,CAGGAAACCCATTTGTTTGACACTTA,CATACGCATAGTAGTTTCACTGCC,NA,0
AMPL777180,chr4,160836022,160836045,160836223,160836247,ucsc_hg38_clean_MB,CTTCTGTGTGGAACCTGAGACTC,ATATTTGTCATGGTGTTGCAGGAC,NA,0
AMPL779258,chr4,173074722,173074745,173074925,173074951,ucsc_hg38_clean_MB,CTGGGAGAAAGTGAGTCATTGTG,TGATATATGTTAGAGGTGCTTACAGC,NA,0
AMPL779259,chr4,184330050,184330073,184330236,184330258,ucsc_hg38_clean_MB,TCACAAAGCTGAGTTCAAGGTGA,TCTCTTGTTGACACTCGCTTGT,NA,0
AMPL779260,chr4,186191094,186191120,186191328,186191347,ucsc_hg38_clean_MB,TGGTGCGTATTTTGGAAAATACCTGG,AGGAAAGGAAGGCGCATCC,NA,1
AMPL779261,chr4,188400420,188400444,188400627,188400650,ucsc_hg38_clean_MB,GTGTGTCTTCAAAGGATTTAAGGC,AAAATGAAAGAAAAGGGGCCTCT,NA,0
AMPL779262,chr5,1682097,1682119,1682311,1682335,ucsc_hg38_clean_MB,CTCCTAGATGCTCCACTTGACA,TGCTGGTAGTAAAAGCTGGTATCA,NA,0
AMPL779263,chr5,2149305,2149329,2149500,2149521,ucsc_hg38_clean_MB,CATTGGCTTCTTTCAGGATGAGTC,TTCATTACCCGGCAAGGATGC,NA,0
AMPL779264,chr5,5394435,5394461,5394652,5394674,ucsc_hg38_clean_MB,TGTACTAACTAGAAATGGTGGATGGG,TGGAAATCCAAACCCTGACAGC,NA,0
AMPL779265,chr5,7849694,7849715,7849876,7849895,ucsc_hg38_clean_MB,GCAGATCCCATCCCAGGAAAT,GCCCAGGCTAGCAAGGAAA,NA,1
AMPL779266,chr5,34474526,34474550,34474734,34474757,ucsc_hg38_clean_MB,AGCCCGTTTTAGAACTGTTTGTAG,GTGAACTCTGCTCCAAGACATTG,NA,0
AMPL777191,chr5,40835467,40835489,40835663,40835688,ucsc_hg38_clean_MB,AGTTTTGCTTTTCGTGCTGCTG,TGCTTTCTCCTAAAAGGGATTATCC,NA,0
AMPL779268,chr5,42908986,42909009,42909188,42909211,ucsc_hg38_clean_MB,AGAGCAAAAGCTAGTCTTGGTCC,AAGGCAGAAAACAGGCATTAGCA,NA,0
AMPL779269,chr5,54583349,54583373,54583555,54583578,ucsc_hg38_clean_MB,GAAAACATTGAGCATGGAAGTTGG,GGTGGGAAAAGTAAAATCTGGGC,NA,0
AMPL779270,chr5,56814291,56814316,56814520,56814540,ucsc_hg38_clean_MB,GGAAAGGAAGGAAGAAATAAACGCA,TCCCCGAATCCGATGCTTCT,NA,0
AMPL779271,chr5,71924293,71924318,71924474,71924498,ucsc_hg38_clean_MB,TACAACTGAGCCCTAGAACTTTCTC,GAAAGGAGAGCAGAGTGAGATTTG,NA,0
AMPL779272,chr5,72557138,72557158,72557339,72557360,ucsc_hg38_clean_MB,AGTGCTGTCTGGTCGCTTTT,AGAAAAGGCTTCAGGGGAGGT,NA,0
AMPL779273,chr5,74377707,74377736,74377885,74377907,ucsc_hg38_clean_MB,ATAAGGTATCTCAGTCCAAAATCAGATCA,ATCTTCCTTCCTCTGGCTTCAC,NA,0
AMPL779274,chr5,74543613,74543637,74543792,74543817,ucsc_hg38_clean_MB,ATAAATCTTTCACTGGCTTCCCTG,CTGAGGATTGCATTAAGTTCTTCGA,NA,0
AMPL777197,chr5,80257181,80257208,80257389,80257412,ucsc_hg38_clean_MB,CTCTTTCAAATAAGCATTACCGTACCC,TTCCTCTTCTACTCCTAAGCTGC,NA,0
AMPL777198,chr5,81852718,81852743,81852900,81852924,ucsc_hg38_clean_MB,ATGCACCATCATTTCTGTCTTTGAG,AAAGTGTTAATCAGAGTCCCCAGG,NA,0
AMPL779277,chr5,82910653,82910677,82910836,82910858,ucsc_hg38_clean_MB,ATTAGCCAGATTTGACTCTAGCCA,ATTTTGTGGTGGTCCCCAAGAT,NA,0
AMPL779278,chr5,88829823,88829845,88830036,88830062,ucsc_hg38_clean_MB,GTTTCCTTGCCCTACCCATAAC,CATTAGCTTTGGAAAGTGAGATCTTC,NA,0
AMPL777199,chr5,91280692,91280710,91280856,91280881,ucsc_hg38_clean_MB,AGCAGAGATCCGCCGCTT,AAGCTCTAACCATTTGTCACATGGG,NA,1
AMPL779280,chr5,97098973,97098996,97099187,97099214,ucsc_hg38_clean_MB,AGTAAGTACTCTGAGAGCCCACA,AAATTAGCATACTGACGTGATGAAGTG,NA,0
AMPL779281,chr5,115816964,115816985,115817143,115817165,ucsc_hg38_clean_MB,GACGCTGGGACGTAGACAAAA,TGGGGCATATCGTGGATAGTTT,NA,0
AMPL777205,chr5,122751559,122751584,122751772,122751796,ucsc_hg38_clean_MB,TTCTTCTTTCATTCCTGTCCTGTTC,TATTTACAGAGGTGTAGGTAGGGC,NA,0
AMPL779283,chr5,126057221,126057241,126057458,126057482,ucsc_hg38_clean_MB,AAAGAGGGTCTCCGGTTTGC,AGGAACATTCAATATGGCATCTCC,NA,0
AMPL779284,chr5,133050427,133050455,133050627,133050652,ucsc_hg38_clean_MB,GGGTATACAATGTACAAATATGTCCCTG,AGGTACTTCACTCTATAGGAGCAAC,NA,0
AMPL779285,chr5,135399763,135399787,135399962,135399986,ucsc_hg38_clean_MB,GTCCTTCAGTTAATCCTCCTCACC,CGGTAAACCAATTTAGGAAGACGT,NA,0
AMPL777210,chr5,140303282,140303306,140303469,140303491,ucsc_hg38_clean_MB,CTCCTCCGTATCTTCCAGACATAG,CTTTCCCAAACTGTCATGCCTG,NA,0
AMPL779287,chr5,140401350,140401371,140401560,140401583,ucsc_hg38_clean_MB,ATTTGACCAATTCTTGCGGGT,ACCTTAAAGTGGATTAGTTGGCC,NA,0
AMPL779288,chr5,141513792,141513812,141513999,141514020,ucsc_hg38_clean_MB,CTCGAAGCACTGTGGGATTC,TGACAACAGACTTGAGCTGGC,NA,0
AMPL777213,chr5,141734957,141734978,141735139,141735165,ucsc_hg38_clean_MB,ATGGGACCATAGGTTGCACAA,GGCCCTCAACTATATCCTGAACTTTA,NA,0
AMPL779290,chr5,141763554,141763577,141763769,141763798,ucsc_hg38_clean_MB,TGAGCAGTGATGGAGAGAGTAAC,GACATCCAATATGTTATATGCTTTTCCCC,NA,0
AMPL777214,chr5,147869238,147869264,147869460,147869481,ucsc_hg38_clean_MB,AGAGAAACTTAATTGCTGTTTGTTCC,ATATCAGCCTCAGTCCAAGCC,NA,0
AMPL777216,chr5,154478136,154478156,154478324,154478344,ucsc_hg38_clean_MB,AGGCTGAAAATGAGACGCGC,AAACCTGGGATAGCCACTCC,NA,0
AMPL779293,chr5,160186113,160186137,160186326,160186349,ucsc_hg38_clean_MB,GTGGTGGTGACAGGAATAAAGATG,TCTAGGCTAAAATGTGGGTGCTA,NA,0
AMPL779294,chr5,160903127,160903152,160903312,160903334,ucsc_hg38_clean_MB,ATGATCCACTCAAACCATGATAGCT,AAGCTCTGGTATCTGCAACCTG,NA,0
AMPL777217,chr5,166430772,166430794,166430972,166430997,ucsc_hg38_clean_MB,CAAAACAGTGCTTCTCCTTGCA,GTATGCTGAGACCCATTATTATGCA,NA,0
AMPL777218,chr5,168579675,168579695,168579850,168579871,ucsc_hg38_clean_MB,TGGGGATTGTAGTTCTCCGG,ATCTCAGTCACCATTGGTCGC,NA,0
AMPL777219,chr5,174600050,174600074,174600243,174600264,ucsc_hg38_clean_MB,AAAAGAAAGAACAGGATGGCTGGA,TCCGTAGAGATCTTGCCATGG,NA,0
AMPL779298,chr5,176416846,176416868,176417046,176417068,ucsc_hg38_clean_MB,GACCTGGCTCCTGATTCATTCT,TCTGGTCGTATGAACTGAAGCC,NA,0
AMPL777220,chr5,180293214,180293237,180293429,180293454,ucsc_hg38_clean_MB,GTTGACTCTGAGCTGCTTTTGAG,TGGTATTGTGTTACTGCTGTTCTAC,NA,0
AMPL779300,chr5,181037460,181037481,181037649,181037672,ucsc_hg38_clean_MB,TAGCCAGGGACCATAAATGGC,TCAGGCTTTTATGCACCTCAGAG,NA,0
AMPL779301,chr5,181161390,181161412,181161580,181161603,ucsc_hg38_clean_MB,GGATGACTGAGTGTGTGCATAG,TTCCTAATCTGGGTCCTATCTGG,NA,0
AMPL777221,chr5,181188739,181188762,181188954,181188977,ucsc_hg38_clean_MB,CGGGATCAAAACTGTCAAGGTAA,CGAGCCATGAAGAACACAATCAT,NA,0
AMPL777222,chr5,181221881,181221903,181222063,181222090,ucsc_hg38_clean_MB,GTTGGTGAATCTGCTACCCACT,CTCCATCTTCAGAGACAAAGTTAGAAT,NA,0
AMPL779304,chr5,181281055,181281077,181281263,181281284,ucsc_hg38_clean_MB,CCACTCCAGCTACACTACAGTT,TGATTGGTTGTCCAGTCCTGG,NA,0
AMPL779305,chr6,2634238,2634256,2634478,2634497,ucsc_hg38_clean_MB,TTTCGCACGGGAGGGAAG,GCTGCTTCCGAGAAAGCTC,NA,1
AMPL777225,chr6,2634622,2634642,2634844,2634871,ucsc_hg38_clean_MB,CAGCGAATGACAACACTGCC,ATTCAGAAATTCAGCTTGCTATCTGGG,NA,0
AMPL779307,chr6,2849715,2849736,2849882,2849904,ucsc_hg38_clean_MB,TACTCGGGAGCAGGAGAATCG,ACACAGAGTCCTACATCAAGGC,NA,0
AMPL779308,chr6,3816380,3816405,3816567,3816589,ucsc_hg38_clean_MB,ATGAGATCCAACCCTAACACTTCTG,ACCCTGCCCTGTGATATGTTTT,NA,0
AMPL779309,chr6,6003561,6003582,6003758,6003778,ucsc_hg38_clean_MB,GCAGGCAGGGATAAAAGCTGA,TAGGCACTCAGCTTCCAGCC,NA,1
AMPL777227,chr6,6007714,6007736,6007919,6007940,ucsc_hg38_clean_MB,GCCCCAGAAATAAACACCGAAT,TAGAAAGAAGTCCGCACACCA,NA,0
AMPL777228,chr6,6737208,6737230,6737429,6737449,ucsc_hg38_clean_MB,CACCACCATCACACTGAAAGCA,TCACAGGAACGGGTGATGAG,NA,0
AMPL779312,chr6,7261471,7261494,7261674,7261698,ucsc_hg38_clean_MB,TGGATGTTTCCAGAGAAGGGAAG,CCTTTTCTACCTGAAGCAGAACTG,NA,0
AMPL779313,chr6,10386032,10386054,10386247,10386269,ucsc_hg38_clean_MB,CTGTCAAGGAAAGGAAACCAGG,ATGTCTGTGTGTCTGAAGGTGG,NA,0
AMPL779314,chr6,11480613,11480638,11480797,11480820,ucsc_hg38_clean_MB,CATATCAGCTTTTATGACCTTGCCT,GTTATTTCCCAACGATTGCCACA,NA,0
AMPL777232,chr6,13328674,13328697,13328894,13328918,ucsc_hg38_clean_MB,TCCAGAGTAGTGTAGTTTCTCCC,CTTCATCTATTCCCACATACCTGG,NA,0
AMPL777234,chr6,15022088,15022111,15022267,15022294,ucsc_hg38_clean_MB,GTAATGCAGAGTGTTTCAGAGCC,GGAAAATCGTTGTAATAGAGGTAGAGG,NA,0
AMPL779317,chr6,21384229,21384254,21384421,21384447,ucsc_hg38_clean_MB,TTTCCAGAACATTCTAAGACTCAGC,GGTATGGTTAGTAAGATGGGATTTGG,NA,0
AMPL779318,chr6,27230456,27230477,27230666,27230692,ucsc_hg38_clean_MB,ACGCAAAGTGAGAAGGTTGTC,CCAGAAACTACAAATTCTAGCCTAGT,NA,0
AMPL779319,chr6,28757774,28757797,28757988,28758010,ucsc_hg38_clean_MB,CCTTATTGATTTCGCTCCTTCCG,GCATTTCGTTTTGGTCGTTGTT,NA,0
AMPL779320,chr6,28758220,28758244,28758433,28758458,ucsc_hg38_clean_MB,GAGATGGGAGATAAGTGAAGGCAA,ATTACAAAACAGTCTTTCAGGAGGG,NA,0
AMPL777237,chr6,28838376,28838401,28838576,28838601,ucsc_hg38_clean_MB,GGGTTACTTTCTGTTTAAGCAAGGA,GGCTGATTACAACTAATGGTTCTGA,NA,0
AMPL777239,chr6,28896752,28896778,28896984,28897004,ucsc_hg38_clean_MB,TAACAAAAGACCCCGGTTCTATAGGA,ATCCGAGAGCGACAAGGAAG,NA,0
AMPL779323,chr6,28943722,28943744,28943924,28943946,ucsc_hg38_clean_MB,CGCTTTCAGTTTCACCCAAGTG,TGATAAATGGGGCAGGATTCCC,NA,0
AMPL779324,chr6,28944322,28944345,28944530,28944554,ucsc_hg38_clean_MB,TTCGCAAAGTCCAGACTCAATTG,CAACGGCTCTACCAAGATGATTAT,NA,0
AMPL779325,chr6,28982072,28982096,28982288,28982311,ucsc_hg38_clean_MB,AAAACAGGAGGTCAGTGAATACGA,CCTGGATGAAAGAATTTGGAGGT,NA,0
AMPL777241,chr6,29016811,29016833,29016996,29017018,ucsc_hg38_clean_MB,TTAAGAGCTAAAACGAACGCCA,TTTAAGGCCCTAATCGCTGTTC,NA,0
AMPL777243,chr6,29752976,29752996,29753155,29753175,ucsc_hg38_clean_MB,TCCAGGATCCGAAAACGCTT,TCCAGTCTTTGATGGGGCCA,NA,0
AMPL779328,chr6,29964715,29964738,29964917,29964944,ucsc_hg38_clean_MB,GAGGCTCAGGGATCAAGTGAAAA,TATAGCAGCTTAACTCTCTCTCTCTCT,NA,0
AMPL779329,chr6,29964994,29965021,29965171,29965198,ucsc_hg38_clean_MB,CTAAAAGCTGTTGATAAAGGTTACTGC,CTCTGTCTCTTTTAGTCTCTCTTGCTA,NA,0
AMPL777246,chr6,30908082,30908105,30908262,30908287,ucsc_hg38_clean_MB,CCTTTCGGGATTTGTAGTCAGAC,GATGGGGAAAGCAAAGAAAGATTTC,NA,0
AMPL779331,chr6,30955790,30955812,30956021,30956051,ucsc_hg38_clean_MB,AGCTCAGATTAGTGGCTCGAGG,TTATAAGGTCTGTAACTTCTTATAAGGCTT,NA,0
AMPL779332,chr6,31110948,31110971,31111168,31111190,ucsc_hg38_clean_MB,ATCTCAATTAGTCCTGCTGTCCC,ATAAGCTGAAGTGAGTCTGGGC,NA,0
AMPL779333,chr6,31197007,31197033,31197191,31197216,ucsc_hg38_clean_MB,CTTACTGTCTTTCTTCAACACGTCCT,TTCACTGAAATGATACTAGACCAGC,NA,0
AMPL779334,chr6,31197855,31197875,31198079,31198099,ucsc_hg38_clean_MB,GCGGGTCTGCATTTTCACAG,ACTTACATAACCCAGGGCGG,NA,0
AMPL777250,chr6,31542160,31542187,31542386,31542408,ucsc_hg38_clean_MB,TTTAAAACCGTTTCTAACTTCACTGCT,TCCTCAGGTCACCTTCACTACC,NA,0
AMPL779336,chr6,31619985,31620009,31620166,31620187,ucsc_hg38_clean_MB,CAAATAGGTAGAACTGCCCGAAGA,TAAGAGTTCCAGCTCTCGCAT,NA,0
AMPL777251,chr6,32255688,32255710,32255863,32255887,ucsc_hg38_clean_MB,GAATCTCCTGATCCACCAGTCG,TACTTGCATTGGGACTCATCAGGA,NA,0
AMPL779338,chr6,32602508,32602533,32602717,32602742,ucsc_hg38_clean_MB,GGAAACATTTCTGTAAGTGCAAGTG,ACTATTCACTGTTCCCATTCAATGC,NA,0
AMPL779339,chr6,34462482,34462505,34462684,34462704,ucsc_hg38_clean_MB,CTTGAAGCTGCTAAGGTCTGAAT,ACAGGGTGTAATGCAGAGGG,NA,0
AMPL777254,chr6,34757089,34757111,34757272,34757297,ucsc_hg38_clean_MB,TCGGGAGTACCTGACATTCCAG,CCGGAAGAGCGTATTTAATCTTTCT,NA,0
AMPL779341,chr6,35148270,35148293,35148451,35148474,ucsc_hg38_clean_MB,TGGGTCTGAGTCTCTGTTACAAG,CTCTATGCCTCTTACTGCAATCC,NA,0
AMPL779342,chr6,36423420,36423440,36423622,36423644,ucsc_hg38_clean_MB,ACGAGCAGGTTAGGCGATAG,GCACGAACTTGTTATTACGGCG,NA,0
AMPL779343,chr6,44043258,44043284,44043449,44043474,ucsc_hg38_clean_MB,GGAATTTAAACCCTGAGAAAGAGAGC,TGTGTTTTACCTTGCACTATGTACG,NA,0
AMPL777257,chr6,47656347,47656368,47656574,47656595,ucsc_hg38_clean_MB,CAAGACAGGAGCCTTTGCTTT,CCTTGCTACAAATCACAGGCT,NA,0
AMPL777258,chr6,50715926,50715950,50716117,50716142,ucsc_hg38_clean_MB,TGAATCAACATTTGTGACCCTGAG,CAACAATTTCCTTAGAACAAGCCTG,NA,0
AMPL777259,chr6,50850395,50850417,50850576,50850596,ucsc_hg38_clean_MB,ACTCCCACTGTCTTTCCTTCAG,TTGACACCCTGCTTGGCAAC,NA,1
AMPL779347,chr6,54580234,54580259,54580406,54580435,ucsc_hg38_clean_MB,GAATGCATACTTTCACTTCCCTTGG,CCCCTAGAAGAAACAAAATTTTAAAAGCT,NA,0
AMPL779348,chr6,88443603,88443630,88443824,88443849,ucsc_hg38_clean_MB,CTAAGGAGTTTAATTGCACATCACAGG,GCTCAATAACATTAGACATTGGGGA,NA,0
AMPL779349,chr6,89021680,89021706,89021861,89021884,ucsc_hg38_clean_MB,GTGATCCCTTAGAAATGTGCTTAGAC,TAACAAAACACAGGACTTGGCAG,NA,0
AMPL779350,chr6,90414096,90414119,90414273,90414300,ucsc_hg38_clean_MB,CCTTTAGCCTGCTGATCTAGGTT,TAATAAACCCATTTCAGTCTCTCTCTC,NA,0
AMPL777260,chr6,90494531,90494554,90494748,90494770,ucsc_hg38_clean_MB,AATACTGCCTGACTTTGAAGCAC,TCAAGGGAAAATTGAGGAGCAC,NA,0
AMPL779352,chr6,96925108,96925129,96925298,96925324,ucsc_hg38_clean_MB,AGACCCGGAGTTGACATTTCA,AAACCAGTTCTTTCAATAGATGTCCC,NA,0
AMPL779353,chr6,103707718,103707739,103707918,103707942,ucsc_hg38_clean_MB,TGTCTCACTAGGCATCCACTG,CCAGTCCTTTAGTTCCCATGATGA,NA,0
AMPL779354,chr6,106804611,106804633,106804808,106804832,ucsc_hg38_clean_MB,TTGAACAACTACCGCATTCCTG,AATGGGTATGGCTATTTCTCTCCC,NA,0
AMPL779355,chr6,109978294,109978316,109978481,109978502,ucsc_hg38_clean_MB,CACCAACTGTATCTCTCACTCG,CATCCTCAAAGTTCCCTGGGA,NA,1
AMPL779356,chr6,120622705,120622728,120622904,120622929,ucsc_hg38_clean_MB,GGCACAGTTCCTGATTCCTTTAA,GACTGTCACCAAAATTCTTCCTGTT,NA,0
AMPL779357,chr6,137180616,137180640,137180853,137180875,ucsc_hg38_clean_MB,CTATCCTTCCAAATCAGCCCTTAC,ATCCAGGACATTGTGTACAGGG,NA,0
AMPL779358,chr6,137278014,137278036,137278199,137278221,ucsc_hg38_clean_MB,GCCTTTCTGTGATAAGACCCAG,CTGCTTTCTCCAGAAACTGTCA,NA,0
AMPL777268,chr6,137495699,137495721,137495896,137495921,ucsc_hg38_clean_MB,AGGTGGGCGTAGATCTTTCTTC,CGATTGATTCGATTTCACACTTCCA,NA,0
AMPL777271,chr6,149941725,149941747,149941905,149941928,ucsc_hg38_clean_MB,GCCGCTGAATATTCCTCTGCAA,CGGCTAGAAATATGATTGGCTGC,NA,0
AMPL777272,chr6,150005049,150005070,150005225,150005248,ucsc_hg38_clean_MB,ATTAGGCTCCATCCCCGAACT,AATTCACTAGCCTGAATGTGAGG,NA,1
AMPL779362,chr6,164096424,164096447,164096638,164096663,ucsc_hg38_clean_MB,ATTTTAATTGTCTCCGCCTGGTC,CACCTTGATTTCTTCAGTTCTAGCC,NA,0
AMPL777276,chr6,167245186,167245213,167245408,167245430,ucsc_hg38_clean_MB,CTTAGTGGTAATAAGATGCCAGATTCC,TGGGATATCTCGAAGCAGTGGA,NA,0
AMPL779364,chr6,168331990,168332013,168332187,168332210,ucsc_hg38_clean_MB,TGTAGACTTCGTGGTAGGACTTT,AATCCATTAGCAGCTTCTCCTCG,NA,0
AMPL779365,chr6,168332229,168332253,168332413,168332439,ucsc_hg38_clean_MB,CGTGATTCCAACTACCTGCTTAAG,TCTCTATTATATCAAATGTGGGGCAC,NA,0
AMPL777279,chr6,169810189,169810213,169810394,169810416,ucsc_hg38_clean_MB,ATTTGAAGACTTCTCCAGTGCTGA,GTAACTTCCTGCTGCTTCCTAC,NA,0
AMPL779367,chr6,170245394,170245415,170245594,170245616,ucsc_hg38_clean_MB,CGTTGACTGAAGGCCAACTGT,TTTTGTGACAGCAAAGCCTTTG,NA,0
AMPL777280,chr7,2844604,2844631,2844799,2844820,ucsc_hg38_clean_MB,AATTATAATTGCTCTGAGTGGACATCA,ATCATCGGAGGGAATACGACG,NA,0
AMPL779369,chr7,3194831,3194854,3195032,3195056,ucsc_hg38_clean_MB,GGGTTGTTTGCATCTGAAAAGTG,TGAATCCCCAAGTATGAATGCTTC,NA,0
AMPL777281,chr7,5822882,5822905,5823097,5823117,ucsc_hg38_clean_MB,GACTCCAATTCCTGATGTGCAAA,ATGCTTCCGGTTAGGCTACC,NA,0
AMPL779371,chr7,12569754,12569777,12569937,12569959,ucsc_hg38_clean_MB,AGCTAGGTAACAGGTAACCCAGA,CAGTATTACCCCAGGTGACAGA,NA,0
AMPL779372,chr7,20120687,20120712,20120874,20120896,ucsc_hg38_clean_MB,CCACCAAGATCCATTTCCTTATTGT,TGTCATCATTTAAGGGCAAGCA,NA,0
AMPL779373,chr7,23181825,23181847,23182023,23182043,ucsc_hg38_clean_MB,TCACGTAACCGTTCAAGCATCC,TTCGATGCCTGTTACTGGGC,NA,0
AMPL779374,chr7,36100060,36100085,36100286,36100313,ucsc_hg38_clean_MB,GGATGCAAAGAAACAAACAAAACCC,GGATGTTTTCACTGGATATTGAATTCC,NA,0
AMPL779375,chr7,37508207,37508229,37508403,37508428,ucsc_hg38_clean_MB,AAGTGGAATTTGCCTCTGGAGA,CAACCTTCCTTGATAGAAAATCCCA,NA,0
AMPL779376,chr7,44101200,44101227,44101380,44101404,ucsc_hg38_clean_MB,AAGTTTACATACAAAGGGTTTGCTGGG,ACAGAAGGATAAGAGGTCATCAGG,NA,0
AMPL777289,chr7,44848301,44848326,44848518,44848540,ucsc_hg38_clean_MB,AACAGAAAGGCAAACCAATGAGATT,ACAGTCTGTGAAAACCCACCAG,NA,0
AMPL777291,chr7,48035183,48035203,48035433,48035452,ucsc_hg38_clean_MB,GTAACTGTGGTTCCCAGCCA,GCCAATAGGGGAAGCCTGA,NA,1
AMPL779379,chr7,50554782,50554806,50554986,50555008,ucsc_hg38_clean_MB,GTCATGAAGATTCTGTGTCACTGA,TGAGCTTCCTCGGTTACCTAAG,NA,0
AMPL777292,chr7,51590731,51590758,51590911,51590935,ucsc_hg38_clean_MB,AAGAATTTTGTAACCCATAGGAAGCAG,CCAATAGGAAATGGAAGCAACACA,NA,0
AMPL779381,chr7,54664565,54664584,54664801,54664822,ucsc_hg38_clean_MB,AGCCTCCGCGAGAAAGACT,TTCTGTTTGCGGACTCAGCCT,NA,1
AMPL777294,chr7,66654769,66654788,66654973,66654993,ucsc_hg38_clean_MB,GCTGTCCTTCGTCCCACAT,TCCTGGACGGGGAAGTGAGA,NA,1
AMPL777295,chr7,66844924,66844946,66845141,66845163,ucsc_hg38_clean_MB,TCGAGTTCCGATTGGTTCCACA,GAGTTTGTCAACCACCCTTCTC,NA,0
AMPL779384,chr7,76318060,76318079,76318279,76318299,ucsc_hg38_clean_MB,TGCAACAAATGAAGCCCCG,TTCTAGGACGGTGCAGAGGC,NA,1
AMPL779385,chr7,80643994,80644017,80644192,80644217,ucsc_hg38_clean_MB,TTCACAACATACAGAACACCAGC,GGAAATCGTATACCATGCTACCTCA,NA,0
AMPL777298,chr7,87151911,87151934,87152112,87152136,ucsc_hg38_clean_MB,AGCAAAACAGCATCTTCCTAGTC,GATTTTCATAGTTCCCTGTGGCTC,NA,0
AMPL779387,chr7,95596873,95596894,95597086,95597107,ucsc_hg38_clean_MB,TTACAACTCGGAGGCTGTCTC,ATGTGCCGGTCTCTTCTGAAG,NA,0
AMPL779388,chr7,95772214,95772244,95772389,95772413,ucsc_hg38_clean_MB,TATAAGTCATTGTGTACAACAGGTAGATCT,TGGAAAGGTCAATTCGTCTATCCC,NA,0
AMPL779389,chr7,106343118,106343140,106343312,106343334,ucsc_hg38_clean_MB,GTAATCGCACTGTTGAGACCCT,AAGCCAATTTTGAAGCCACTCC,NA,0
AMPL779390,chr7,107025801,107025827,107025987,107026013,ucsc_hg38_clean_MB,TCCTTCTAATGTTCTGGGATTGTACT,CCAAAATCAAACTGAATGTATCTGCC,NA,0
AMPL779391,chr7,107857620,107857643,107857827,107857850,ucsc_hg38_clean_MB,TCTGGTTGGAGGTTTGCCATATT,CTTTGTGTTATGAGGACAGCAGG,NA,0
AMPL779392,chr7,121798897,121798924,121799076,121799101,ucsc_hg38_clean_MB,GGTCATTTTGTATTTCTGCACTTTTGG,AGAGGATTATTTCTTTCACTTCCGC,NA,0
AMPL779393,chr7,127651273,127651300,127651488,127651512,ucsc_hg38_clean_MB,AAACAGTCACTTAAATATTTGTAGGCC,TGTTGGTGGGAGGAATAAATGTCT,NA,0
AMPL779394,chr7,134351361,134351384,134351582,134351603,ucsc_hg38_clean_MB,GGTGGGAATAGGAGAGGAGAAAG,CATGGCAATGACAGACTCCCT,NA,0
AMPL777305,chr7,138169383,138169408,138169589,138169612,ucsc_hg38_clean_MB,CCCTGTTGACCTTAATCAGTAACAA,ATTTACCTTTGACTGCTTTGGGG,NA,0
AMPL779396,chr7,138458813,138458835,138459003,138459025,ucsc_hg38_clean_MB,ACCCAGGTCAGAATCACTTGAG,AAGACATTCAACAGCTCTTCCC,NA,0
AMPL779397,chr7,149066015,149066038,149066190,149066214,ucsc_hg38_clean_MB,CTCCCTGGATCTCTGAACTTGAA,GCCGATAACACAGTTTCATTGTGA,NA,0
AMPL779398,chr7,157432403,157432426,157432619,157432640,ucsc_hg38_clean_MB,CTCATTCTCCTGTACACTCCAGC,CTCTAAGGACGGCTGTTGTTG,NA,0
AMPL777308,chr7,157432818,157432840,157432986,157433012,ucsc_hg38_clean_MB,ACCTTCCTCCACTTTGGCTCTG,AAATAAACGTTCCCACAAAGCTACAC,NA,0
AMPL779400,chr8,3077143,3077164,3077336,3077360,ucsc_hg38_clean_MB,AGCCTGCCAAATCAGAATCGT,TCATCTTCTCATTTCAGGGCTCAG,NA,0
AMPL779401,chr8,8641542,8641565,8641725,8641749,ucsc_hg38_clean_MB,TCCTTCAGAGTCTCTTATCGGTG,TCACTTTCTCCACTTTACTCAGCA,NA,0
AMPL779402,chr8,8701515,8701542,8701753,8701773,ucsc_hg38_clean_MB,TAGAGACGAATTTAATCCAGAGTGTGG,ATTTGTTTCCGGTCCCTGCC,NA,0
AMPL779403,chr8,11466747,11466766,11466981,11467006,ucsc_hg38_clean_MB,AATTCTCGGCGCTGCTCCT,GAGAAAATGGATGTTTGGGTTTGGT,NA,1
AMPL777310,chr8,17922615,17922636,17922845,17922866,ucsc_hg38_clean_MB,TGAGGGATCAATGCACTTCCG,TAGACTGGAGTCATGTGACCC,NA,0
AMPL779405,chr8,21610663,21610685,21610848,21610869,ucsc_hg38_clean_MB,ACAGAGACATGGTGGGTAACAA,ATGGCGCATCTGATTCCTAGC,NA,0
AMPL777311,chr8,23523194,23523221,23523365,23523388,ucsc_hg38_clean_MB,GTTTTAAGTCACCTAGTTTGTGTCATT,CCGTTGGTCATCTCTCCTATTCC,NA,0
AMPL779407,chr8,23785866,23785891,23786053,23786078,ucsc_hg38_clean_MB,CCTTCTTCTAGCAAGGGATTTCTCA,GGTATATGCAGTCACATTCCAAGTG,NA,0
AMPL777312,chr8,25458674,25458694,25458878,25458903,ucsc_hg38_clean_MB,TTCCAGCGTTACTGAGCAGG,TCATTCAACCAATCCTAACAGAGCG,NA,0
AMPL777315,chr8,38386167,38386194,38386397,38386419,ucsc_hg38_clean_MB,ACTATCAGACATATTAAGCTGTCAGGG,ATAAGCTCTCAAGTTCTGGGGA,NA,0
AMPL779410,chr8,41172801,41172825,41173005,41173028,ucsc_hg38_clean_MB,AAGAAGGTTGAGAGAATGGAGACG,TCAAAGAAAGTCTGAAAGCCTCG,NA,0
AMPL779411,chr8,60653508,60653528,60653737,60653760,ucsc_hg38_clean_MB,TGCAGCTCTCATACCTCGGT,AAGCGGTAACTGGATTAGGAGGG,NA,0
AMPL779412,chr8,61139839,61139859,61140037,61140057,ucsc_hg38_clean_MB,TCTTGTGCCGTCGCAGATTC,TAACTTGGGCAGCTTGGGGT,NA,0
AMPL779413,chr8,64372970,64372992,64373155,64373176,ucsc_hg38_clean_MB,GGACAGGCCTTCTACACAAATT,TCCCTCTCTCAAGCTCGAAGT,NA,0
AMPL779414,chr8,66112593,66112618,66112829,66112849,ucsc_hg38_clean_MB,TTCTATGTGATCTTCTTCCCTCTCT,TGTCCGTTGCACTTTGAGCC,NA,0
AMPL777320,chr8,66114449,66114474,66114640,66114662,ucsc_hg38_clean_MB,GGGGAAATTCACGAAACTGGTTATT,CGTTCAAAGTAATCAGCGTCCG,NA,0
AMPL777322,chr8,66428379,66428403,66428612,66428632,ucsc_hg38_clean_MB,CTTTGGGATGTTATCTTTCTCGGG,ACAGTCTTGGGGCTCAATCC,NA,0
AMPL779417,chr8,73353446,73353468,73353646,73353668,ucsc_hg38_clean_MB,AGGAATGTAAGACCCTTTCCCC,TTTGCTTGAACTCCCTCCTGTT,NA,0
AMPL779418,chr8,83130906,83130929,83131094,83131117,ucsc_hg38_clean_MB,ACTCTGTTTCATTCTGTAGCAGC,GGAGAGTCCTTGTTTCTTGCTTT,NA,0
AMPL779419,chr8,86828506,86828529,86828707,86828732,ucsc_hg38_clean_MB,GTGTATTCATCCAGCCTTGTGAC,TCTTCCCTTTTCTCCAACCTTAGTC,NA,0
AMPL779420,chr8,94020039,94020063,94020237,94020263,ucsc_hg38_clean_MB,ATCTATTTGTGAAGTTGCTGGGAG,GTAGTTGTATTTAGATGGCTCTTCCC,NA,0
AMPL777324,chr8,101491413,101491438,101491608,101491631,ucsc_hg38_clean_MB,TCCAGTCAGAACTTCCACAAATACT,GGCAGGCATCAACATTTACATTG,NA,0
AMPL777326,chr8,102537755,102537776,102537944,102537966,ucsc_hg38_clean_MB,TGAGGAAGAGTGCAGCATACT,TTCACAGTGGTTCCCAAATCCC,NA,0
AMPL779423,chr8,102979574,102979600,102979787,102979809,ucsc_hg38_clean_MB,GAGGTTAGCTGGTGTTTTCTTATTGG,TAACCACAAGCCTTCTCTGGAG,NA,0
AMPL777327,chr8,102999257,102999284,102999464,102999489,ucsc_hg38_clean_MB,GGGTTTTGTAAGCATTTATTGACAGAC,CCCCATCACCATTATCTTGTTTTGA,NA,0
AMPL779425,chr8,107632266,107632290,107632445,107632470,ucsc_hg38_clean_MB,ACAATGATTCAATTTGGACAGTGC,TTTCCTGAGATGTTAGCAAGTATCC,NA,0
AMPL779426,chr8,118738233,118738256,118738416,118738440,ucsc_hg38_clean_MB,TCCATTTCACATTCTTCCATGCC,ATTCTCTCCCCAAAGCTGTTTTAG,NA,0
AMPL777331,chr8,124474381,124474403,124474593,124474614,ucsc_hg38_clean_MB,GGGTGGGATAAATCGAGAGGGT,TTACTCTAGCTTCGTGCCACC,NA,0
AMPL779428,chr8,126557707,126557727,126557895,126557916,ucsc_hg38_clean_MB,AAAAGCCCATTGCATCAGCA,TCTGAGATCCTCGCTTGTTCC,NA,0
AMPL777332,chr8,129983862,129983882,129984071,129984092,ucsc_hg38_clean_MB,CATAAAGCCGATCTTCGCCG,ATCACCTCCTCAGGCATTCAG,NA,0
AMPL777333,chr8,130000110,130000135,130000288,130000314,ucsc_hg38_clean_MB,GCAAGTAGCTGAGTTCATTCTTCAC,CATGTCTTAGCATCTCAAATAGGCAT,NA,0
AMPL779431,chr8,144508232,144508252,144508415,144508437,ucsc_hg38_clean_MB,AATCAGGCAGGGTGCTCCTA,CGTCTACCACTGGATACTTCCG,NA,0
AMPL779432,chr9,4489952,4489974,4490165,4490187,ucsc_hg38_clean_MB,ACTCCTTTCTCTCCTCCCAGAA,TTCTGTCCCTAACCCAGAGAGG,NA,0
AMPL779433,chr9,6664917,6664942,6665108,6665130,ucsc_hg38_clean_MB,CAGGAACAAGTTTTCAGAATGGTCA,TTTCACAAGCTGGTCACTGAGT,NA,0
AMPL779434,chr9,8070946,8070971,8071128,8071149,ucsc_hg38_clean_MB,CATTTCCTTTGTTAGCTGTTCCAGA,AGTGTCAAGCAGAGGTAGCCA,NA,0
AMPL779435,chr9,14547524,14547551,14547698,14547724,ucsc_hg38_clean_MB,CTGCTTGGATTCTTTCTCTATCACATG,GAGTGATGATTTAGAGTGTCTGTTGG,NA,0
AMPL779436,chr9,19048760,19048785,19048959,19048980,ucsc_hg38_clean_MB,TTACTGTGAGGATGGAACTAATGCC,CGCGGAAAGTGAGACTTGTAG,NA,0
AMPL777341,chr9,19934622,19934647,19934820,19934841,ucsc_hg38_clean_MB,TGCCTCATTTAAGTGGTAATTTCCT,AGAAGACAGAAACGGACTCGC,NA,0
AMPL777342,chr9,21974918,21974939,21975143,21975162,ucsc_hg38_clean_MB,CCTCCTCTTTCTTCCTCCGGT,TCCTCCTTCCTTGCCAACG,NA,1
AMPL777344,chr9,35599778,35599802,35599952,35599973,ucsc_hg38_clean_MB,TGCAGAGACTACAGGATGACATAC,AGGCATGTTCAGCTCCTAGCA,NA,0
AMPL779440,chr9,35943609,35943630,35943826,35943848,ucsc_hg38_clean_MB,CTCACCATGCTTCGCAGAAGT,TCTAATCCTGGTAGGCCACAAG,NA,0
AMPL779441,chr9,36759775,36759799,36759971,36759998,ucsc_hg38_clean_MB,CTTTGCCATCCTTGATTCAGACTC,CCAGATTTCCAATTACATAAGCCAGAG,NA,0
AMPL779442,chr9,38195698,38195720,38195879,38195903,ucsc_hg38_clean_MB,GCATGTGACCTTCCTCTGAGAA,TGACCTTGTTTACACGTTGTCATG,NA,0
AMPL779443,chr9,70258154,70258178,70258338,70258361,ucsc_hg38_clean_MB,CGGCTCCAGTTTCTTGTAGATTAG,AATTCTCTGGTTAAACTTCCGCC,NA,0
AMPL779444,chr9,84668025,84668045,84668250,84668270,ucsc_hg38_clean_MB,GGGTGCTGTCCAAGAATTCC,AAAGGCGGGCAATCCTTCTC,NA,0
AMPL779445,chr9,89318050,89318074,89318255,89318277,ucsc_hg38_clean_MB,GGGAAATTTTAGGGAAATGCAGTG,ATAGTCTCCACCAAGGCAGTAG,NA,0
AMPL777349,chr9,94554455,94554476,94554672,94554694,ucsc_hg38_clean_MB,CAAACAGTCCAATGCCACAGG,AAGACAGAAAGAAGAGGCACCG,NA,0
AMPL779447,chr9,95434210,95434235,95434447,95434467,ucsc_hg38_clean_MB,GTTTCTATTCCCATTGATCCCAGGT,GATTCAACTGAGCCATCGGC,NA,0
AMPL779448,chr9,95552702,95552726,95552908,95552932,ucsc_hg38_clean_MB,ATGGGTAACTACTGCAACACAAGA,AGGAGATTTTCATTCTTTCAGGGC,NA,0
AMPL779449,chr9,96686789,96686813,96687038,96687058,ucsc_hg38_clean_MB,GGAATGCAATGGAACCAAATGCTC,CCCAAAAATAGACCAGCGCG,NA,1
AMPL779450,chr9,99159697,99159718,99159916,99159940,ucsc_hg38_clean_MB,TTACCATTCTTGCCACCCACC,TAAGTGATTTGGAAATGCAGCAGG,NA,0
AMPL779451,chr9,101533371,101533395,101533576,101533598,ucsc_hg38_clean_MB,AATCCCCAACATCTGAAATTCCTC,TACTGCGATCTGGTCTTTCTGC,NA,0
AMPL779452,chr9,104968680,104968705,104968863,104968887,ucsc_hg38_clean_MB,GGTTGTTAAGGCAGAGATTTGAAGG,GTCTAACGGATTTCACAACACAGT,NA,0
AMPL779453,chr9,110521111,110521134,110521307,110521329,ucsc_hg38_clean_MB,CGTGTTTTCTCCATGTTGAACCA,CAAATGAGCTACCACCAGTCAC,NA,0
AMPL779454,chr9,113150733,113150754,113150963,113150981,ucsc_hg38_clean_MB,CATAATCGCCAAGACAAGCCA,ATAGCTACCCTGGCCGCA,NA,1
AMPL779455,chr9,124144939,124144964,124145121,124145145,ucsc_hg38_clean_MB,ATGCTAATCAGAAGACAAGGTAGGG,ACAGTGTCCAGACTTTCTATTGGG,NA,0
AMPL779456,chr9,133003551,133003575,133003767,133003792,ucsc_hg38_clean_MB,ACTTTGTAGACCCCAGACTTAGTG,GCACTTCCAACAGATCAAATTCTTT,NA,0
AMPL779457,chr9,134175165,134175185,134175404,134175424,ucsc_hg38_clean_MB,ATTCAGGTTCTGGGAGCTGG,ATCTGACCCCATCACCTTCC,NA,1
AMPL779458,chr9,136326301,136326321,136326503,136326523,ucsc_hg38_clean_MB,ATTCCCGTTGCCTCCCTTAC,AATGGGCTGCATTCCTTCGG,NA,0
AMPL777356,chr9,136567948,136567972,136568170,136568191,ucsc_hg38_clean_MB,TCAGTCTTCTCTCCTGAAAACCAG,TCATGGCAATGGAATGTGACC,NA,0
AMPL779460,chr9,136623599,136623623,136623810,136623830,ucsc_hg38_clean_MB,CAGATCAGTGACTCCAACAAGGAA,AGAGAGTACCAACCTCCAGC,NA,1
AMPL777357,chr9,137129509,137129528,137129694,137129713,ucsc_hg38_clean_MB,CTCACCCTGCAGCACAAGA,AATGGCTGCCCGCGAGTAT,NA,1
AMPL779462,chr10,11641984,11642007,11642177,11642203,ucsc_hg38_clean_MB,CTCTGATCCTTCCCAAGCTAAGA,CCACTCATTACTATGACCCAATTAGC,NA,0
AMPL779463,chr10,14991364,14991385,14991589,14991609,ucsc_hg38_clean_MB,ACAGCTTCTCTCCCATGTGGT,CACAAGGTGGCAGTTAAGCA,NA,0
AMPL779464,chr10,20370059,20370080,20370232,20370257,ucsc_hg38_clean_MB,TGGGTGGGGCTTTAGAACTTC,CCTAGGTACACAACTCTATTCACCT,NA,0
AMPL777361,chr10,20371282,20371302,20371452,20371474,ucsc_hg38_clean_MB,CAGAGGCCTGACACCCACTT,TGACTCGGACAGACAGAACAGT,NA,0
AMPL777362,chr10,29159763,29159786,29159939,29159966,ucsc_hg38_clean_MB,GACTGGAGAGGAGGAAATGAAGT,ACATTTACACCTTAGTGAGAATCGAAA,NA,0
AMPL779467,chr10,42932574,42932595,42932756,42932778,ucsc_hg38_clean_MB,ACCAGCTCCATCCTAATCTCG,GGTGATAGAGAATTGGCAGGCT,NA,0
AMPL779468,chr10,44865095,44865117,44865304,44865327,ucsc_hg38_clean_MB,CCTGGGAAGTCACTGAAAACAG,TGTCTGGGTAGTAGGATCACTGT,NA,0
AMPL779469,chr10,46556991,46557010,46557179,46557198,ucsc_hg38_clean_MB,AAGTCCACCTCCTCGTAGC,TATCCCAGACGAAAGGGCC,NA,1
AMPL779470,chr10,49679297,49679322,49679487,49679511,ucsc_hg38_clean_MB,CAAGGGTTTCCAATCCATACTACAC,GGTGTGGCAAGTGTTAGTGATAAA,NA,0
AMPL779471,chr10,53022574,53022599,53022785,53022808,ucsc_hg38_clean_MB,GTGAACATCTCTTTTCATAGGGGTG,TGGAATATTGTCTTCCTCTGGCC,NA,0
AMPL777369,chr10,60762443,60762464,60762652,60762674,ucsc_hg38_clean_MB,TTAAACCCAGTGATTGCCCCA,GCCCTCTGTAGTTCATTCACCT,NA,0
AMPL777371,chr10,69769457,69769479,69769632,69769653,ucsc_hg38_clean_MB,TTTGGGGTCCAGATGTACTACC,CTCTTTGTGGGTTGGAGGAAC,NA,0
AMPL777372,chr10,69801078,69801100,69801275,69801299,ucsc_hg38_clean_MB,TCTCACCACACAGGGATAGATG,CTTTACTCTGGGGTGAAAAGTCAG,NA,0
AMPL779475,chr10,73785166,73785190,73785378,73785400,ucsc_hg38_clean_MB,TGCATTCTTTTCTGATGTTTCCCC,TACAGATCCCAGCAACAACTCG,NA,0
AMPL779476,chr10,73785407,73785430,73785652,73785671,ucsc_hg38_clean_MB,TCGTATAACGTTGGGAGTTGGCT,TCTTGGCCAGTCTCCGAGA,NA,0
AMPL777375,chr10,89208234,89208258,89208441,89208462,ucsc_hg38_clean_MB,GGGAACACTTAATTCAGCAAACCA,AACGCAGGGGATAGAGACTAG,NA,0
AMPL777377,chr10,97318801,97318824,97318994,97319016,ucsc_hg38_clean_MB,TTCTTCCTTTCCATTCCCGTCAG,TTGGTTTCTTCCACACACAAGC,NA,0
AMPL779479,chr10,98321206,98321231,98321425,98321447,ucsc_hg38_clean_MB,CATCTGCCAAATACAGACAATACCC,TTAAGATGGAGGAGGGGCTTGT,NA,0
AMPL779480,chr10,102743714,102743737,102743940,102743961,ucsc_hg38_clean_MB,CGAATTTTACACTTCTTCGCAGC,TTTTCCTGTTTGACGCTCCCC,NA,0
AMPL779481,chr10,119687647,119687669,119687848,119687871,ucsc_hg38_clean_MB,AGAGAAGGGTTAGCAGAGCTTT,TGTAACACAGTCAAACGGTAAGC,NA,0
AMPL779482,chr10,123972708,123972726,123972881,123972903,ucsc_hg38_clean_MB,AACGATTTCCCGCCGCTC,AAAAGTAGCGCACAAAGACCTG,NA,1
AMPL779483,chr10,124916506,124916530,124916749,124916767,ucsc_hg38_clean_MB,GATCACTTAGGATACGTGAGACCT,CGACACAGGGTGACGTCA,NA,1
AMPL779484,chr10,131776249,131776274,131776449,131776472,ucsc_hg38_clean_MB,AATCATTACTGTGGTGCTGTGATTC,GGGCATAATGTCAGGTATTTGCA,NA,0
AMPL779485,chr11,3203538,3203561,3203788,3203807,ucsc_hg38_clean_MB,TAACAGCAGCGTGCACAGC,GAGTATCCAAGACTTTCTGGGCA,NA,1
AMPL777386,chr11,3642993,3643016,3643230,3643251,ucsc_hg38_clean_MB,GATTTGAGAAATGCTGCCTGCTG,TAACAAGCACTCAGAAGCACC,NA,0
AMPL779487,chr11,9573357,9573375,9573608,9573626,ucsc_hg38_clean_MB,TTTCGGGTCGGCTTAGGC,AATCCCAGTGCAGCTCCG,NA,1
AMPL777389,chr11,10308038,10308065,10308245,10308265,ucsc_hg38_clean_MB,AGCCTTAATGAAAGAGGAAAGAAAGAA,AATGAAGGTCTCAGGCCGTC,NA,0
AMPL779489,chr11,20163617,20163638,20163814,20163835,ucsc_hg38_clean_MB,GGAATGTCTCGGGTAAGCGAA,GCCAATCTTTCCAAAATGCGC,NA,0
AMPL779490,chr11,26228071,26228093,26228252,26228277,ucsc_hg38_clean_MB,CCTACTGCATCTCCAGGTGTTT,CTCATGTGTTTGGTTCAGGAATTTG,NA,0
AMPL779491,chr11,34105238,34105264,34105419,34105443,ucsc_hg38_clean_MB,GAAACCAATAAAATAGGTCTGTTGGC,TCTTCACTCTTCATATCCCAGCTA,NA,0
AMPL777394,chr11,62706574,62706596,62706782,62706802,ucsc_hg38_clean_MB,CTCTCCCTTGAGACTGCAATCA,GGAACAGGGCACTAATCTGC,NA,0
AMPL777395,chr11,62841897,62841926,62842119,62842140,ucsc_hg38_clean_MB,CTCCCAATACATTATAATTCCGAAACACA,TGGGAGACTAACGCCACAATC,NA,0
AMPL779494,chr11,64248613,64248637,64248850,64248872,ucsc_hg38_clean_MB,AAGAGACCAAGAGAAGACAGAGGC,AAAGTGATCCTCCTATCAGGCC,NA,0
AMPL777397,chr11,64251060,64251080,64251231,64251250,ucsc_hg38_clean_MB,CATAAGAGTGGGTGAGGCGA,TTAAGGCGGTCCGGGATCA,NA,1
AMPL779496,chr11,64448719,64448742,64448946,64448966,ucsc_hg38_clean_MB,AAGTGACACTTTCCCAAGAGTCT,CGAAAGAGACTGGAGAGCCA,NA,1
AMPL777401,chr11,65027273,65027295,65027520,65027539,ucsc_hg38_clean_MB,ATGAAACCGAGCTGGAGCG,AGAAATGAGACGAGTGATCCCA,NA,1
AMPL779498,chr11,66408645,66408667,66408827,66408849,ucsc_hg38_clean_MB,TAAGCCACACAATGCTTGGTTT,TCAGATTCCCAAAAGCCCAGGA,NA,0
AMPL779499,chr11,73779356,73779384,73779560,73779580,ucsc_hg38_clean_MB,TTCAGTGGTAAATCATCTCTTTACTTGG,TGAAGCTCGTTCGGTTCCCA,NA,0
AMPL779500,chr11,75383175,75383201,75383384,75383409,ucsc_hg38_clean_MB,CAGCCTGTCAAAATGTTAGGATTTAC,CTTGCTACATCAGAGCTGTTTTCTA,NA,0
AMPL779501,chr11,76234960,76234982,76235141,76235165,ucsc_hg38_clean_MB,GTAGCTAAACCGAGAAACTGCA,AGAATTCTCTCTGAACCATGTGTG,NA,0
AMPL779502,chr11,91149542,91149567,91149731,91149756,ucsc_hg38_clean_MB,AACCCTATTGCTCTGAAGTTTCTTC,CTACGTAACCACTGTAAAACCAACA,NA,0
AMPL777406,chr11,93477776,93477798,93477956,93477981,ucsc_hg38_clean_MB,AGCCAGAGAAGTCCTTCCTTTC,AGATTCATGGTTACTGTTCTGAGGA,NA,0
AMPL777409,chr11,102268789,102268809,102268969,102268998,ucsc_hg38_clean_MB,TGCACGAACACCTGCCTGTA,TTTTGTGAATAAGGAAATTGAATCTCGAG,NA,0
AMPL777413,chr11,116709933,116709956,116710131,116710152,ucsc_hg38_clean_MB,AAAGTGTCTGCTTTGATCCATGC,GTGGTCAAATTAGGCAGGGCT,NA,0
AMPL779506,chr11,118690222,118690243,118690466,118690486,ucsc_hg38_clean_MB,CTTCTCTTCTCGGCTCACAGC,AACAAGGAGAACCGGGAGTT,NA,1
AMPL779507,chr11,120169384,120169402,120169568,120169588,ucsc_hg38_clean_MB,TTGATGGCTGCTTCCGCT,TGAATAGGGCTCGGCACAGA,NA,1
AMPL777416,chr11,120180646,120180667,120180861,120180881,ucsc_hg38_clean_MB,TCTGACTCACGGCCTAATTCA,AGTGACTCAGCCCTTGTTGG,NA,0
AMPL777417,chr11,121406291,121406315,121406494,121406519,ucsc_hg38_clean_MB,CAGAATGAACCTAATCCCTCAGTG,GACCGTCTATTCTCTCTGAAGATTG,NA,0
AMPL779510,chr11,122579970,122580001,122580191,122580211,ucsc_hg38_clean_MB,CATTGTCTTTATTTATTTATTCGGGCTGTTA,AATGGTTATGCAGGGCGGAG,NA,0
AMPL779511,chr11,128812607,128812632,128812814,128812836,ucsc_hg38_clean_MB,TTAAATCTTCCTCCAGCCTAAAAGG,TGAGCCATAAAGTCCTGGTCTG,NA,0
AMPL779512,chr11,130440218,130440242,130440415,130440439,ucsc_hg38_clean_MB,TGAGTACACGGAATCAGTTGATGT,TACACCCTACTGTCAATTCTCTCC,NA,0
AMPL779513,chr11,133064390,133064409,133064585,133064607,ucsc_hg38_clean_MB,ATTCCCGTGGACAAACACC,AAGAATTCAGGCAGCACAGTCC,NA,0
AMPL777420,chr11,134037310,134037334,134037502,134037522,ucsc_hg38_clean_MB,AACTGGGATTTATGAAGCCGTAAC,TGCGTCTTTTCCTGAGGGGA,NA,1
AMPL779515,chr12,2958541,2958563,2958734,2958756,ucsc_hg38_clean_MB,CTCTCACCGATGGCAGTATACA,ACTACGAGTAAACCACATGGGA,NA,0
AMPL777423,chr12,6470804,6470824,6470978,6470998,ucsc_hg38_clean_MB,CCTGCCAATTGCCAGTCACA,GGTTGGGAGGCACCACAAAT,NA,0
AMPL777424,chr12,8019051,8019074,8019286,8019307,ucsc_hg38_clean_MB,CCTTTACGGGGAAACAGTTTTGG,AGAGTCTTTTCCAGGAGGTGG,NA,0
AMPL779518,chr12,11071325,11071350,11071531,11071556,ucsc_hg38_clean_MB,GTGCCAATTCAACTATCTGGTAGTG,GGTTAGCTTTAGGACTACCTGAGTA,NA,0
AMPL779519,chr12,11071558,11071580,11071769,11071795,ucsc_hg38_clean_MB,TTCATCACTCACAGGCAGGATT,CAATGACAGAGGAATAACATACACCG,NA,0
AMPL777428,chr12,25386206,25386228,25386424,25386443,ucsc_hg38_clean_MB,AGACTCCCAAGGGCTCTTTAAA,TTCAAGGGACTCTGGACGC,NA,1
AMPL779521,chr12,31959151,31959176,31959358,31959378,ucsc_hg38_clean_MB,TTCTCAATCTCTCTTTAACGTGCCC,CCAGGATCCAGGAACAGCTA,NA,1
AMPL779522,chr12,32052113,32052136,32052332,32052357,ucsc_hg38_clean_MB,CCTAGATTTGTGTAAGTGTGGCA,CTGCACTAGGAATGAAAGACTGTAT,NA,0
AMPL779523,chr12,46382907,46382930,46383121,46383142,ucsc_hg38_clean_MB,AGTGGGTAAAACACAATTGGCCT,TAGCCTGCTGGTATCCTGAGA,NA,0
AMPL777430,chr12,47068657,47068679,47068835,47068857,ucsc_hg38_clean_MB,GGAAATGCGGCTAGAGAACTGG,CAGCTCATGTCCTTCCTCTGAC,NA,0
AMPL777432,chr12,48198040,48198061,48198261,48198281,ucsc_hg38_clean_MB,ATCCCATTCTGCGCCAATAGG,GAATCAGCCTTCTTCGGCCT,NA,0
AMPL777433,chr12,48296506,48296530,48296688,48296710,ucsc_hg38_clean_MB,CAGTTCTTCAGGAGGGTGAAAATT,GAAATGTAGTCTCAAGGCGTCC,NA,0
AMPL779527,chr12,51863939,51863959,51864115,51864135,ucsc_hg38_clean_MB,AAAGGCTCCTCCCTCTGCTA,ATGGCAAAACCTCTCTCGGT,NA,0
AMPL779528,chr12,52308466,52308489,52308689,52308707,ucsc_hg38_clean_MB,GTTGTCTCCACCAGAGTCAGTAG,TTAGAGTGCAGGCAGCGG,NA,1
AMPL779529,chr12,53751581,53751601,53751823,53751845,ucsc_hg38_clean_MB,CGGACTCATTACGGCTGCAG,AAAGCAAGCTAGACTCTCCAGC,NA,1
AMPL777437,chr12,56007106,56007131,56007315,56007338,ucsc_hg38_clean_MB,CGTCCCTAACTTTGGCAAAATTAAG,GCCGAAAGATTCAAATCCGAAAG,NA,0
AMPL779531,chr12,56041985,56042007,56042210,56042231,ucsc_hg38_clean_MB,GAACGCATTTCCACCCTAGATT,ACTTCCCCACAATCCCAGAGT,NA,0
AMPL777441,chr12,75390831,75390857,75391049,75391070,ucsc_hg38_clean_MB,TACTCACGTAACACAAGTCTTTCTTT,AGTGACCTGCCAATCTACGGA,NA,0
AMPL779533,chr12,76618043,76618065,76618225,76618252,ucsc_hg38_clean_MB,TCTGGTTGTGTGAATCTGACCA,GGATGATGTTGATGAGTTAGTAGCATG,NA,0
AMPL779534,chr12,83468997,83469025,83469210,83469240,ucsc_hg38_clean_MB,AGGCATGGTTCTAAGAAGTTGATCTATA,TCTTTCTGCTAATCAAGTAGTATAAGTCTT,NA,0
AMPL777442,chr12,84642201,84642228,84642411,84642436,ucsc_hg38_clean_MB,TACAGAGATGTCATTAAGGGAGTTCAC,GCAGAAAGAGGAAATGTTTAAGGCA,NA,0
AMPL779536,chr12,85690709,85690734,85690914,85690941,ucsc_hg38_clean_MB,AGAATGAGAGTTAAAAGTGCCTGAG,GCCTCTGATCTTATCTTCTGCTATTCT,NA,0
AMPL777445,chr12,94832967,94832987,94833163,94833184,ucsc_hg38_clean_MB,CTTAAACCCCTGGACCCAGA,TTCTCTTCCCAGACACAGGCA,NA,0
AMPL779538,chr12,101566181,101566203,101566364,101566387,ucsc_hg38_clean_MB,CCAGCATCTCCAAACGTCTAAC,GCCACGTAAAAGGAAAGAAAGCT,NA,0
AMPL777447,chr12,104986158,104986181,104986376,104986395,ucsc_hg38_clean_MB,GAACCTTTCTTTTTCCCAGGAGT,ACGAACAACTCGGGCTAGC,NA,1
AMPL779540,chr12,106769013,106769036,106769208,106769230,ucsc_hg38_clean_MB,CGGCAAGTGATTTATCCCTGTAC,GGTGGCAATGTTGTAATGTGGT,NA,0
AMPL779541,chr12,108880824,108880850,108881023,108881047,ucsc_hg38_clean_MB,GATAAATGCAAGACTGAAAGACAAGC,GCTCTAGGAAGTAGGGAAGGTTAC,NA,0
AMPL779542,chr12,112602086,112602113,112602266,112602290,ucsc_hg38_clean_MB,GACTGGGGATGTTTACTTCTTAATCTG,GCTTTGTTAGAAAGGCACCATGAA,NA,0
AMPL777454,chr12,127594705,127594727,127594897,127594924,ucsc_hg38_clean_MB,GGGTGGGGTGGAGCTTAGAATT,CTGAAGGAAACTAAAGAAGACAATGGG,NA,0
AMPL779544,chr12,131875655,131875680,131875853,131875875,ucsc_hg38_clean_MB,TGTACCTGGGAATCCATATTTGGTG,TAAATTTCTTCACCGCCTGTGG,NA,0
AMPL777455,chr13,20566548,20566571,20566729,20566752,ucsc_hg38_clean_MB,GCAGGTGTCATCCCAGAATAACT,GAAGGGGAAGGATATGGAACCAA,NA,0
AMPL777456,chr13,26476048,26476070,26476230,26476254,ucsc_hg38_clean_MB,CCTGGATGCTGAACTGAATGAC,CAGGAAATACAGTGACCTAACCAG,NA,0
AMPL777457,chr13,26529571,26529595,26529754,26529776,ucsc_hg38_clean_MB,ATTCTACAAGTGGAAGAACAGGCA,TACTCGGCAGTAAGAGATAGCG,NA,0
AMPL779548,chr13,32206488,32206513,32206679,32206700,ucsc_hg38_clean_MB,GGCTGAGAAAGAATGTAGAAAGAGA,TTGAACCTGCTTGCAACTCAT,NA,0
AMPL779549,chr13,34579694,34579718,34579887,34579912,ucsc_hg38_clean_MB,GTCTCAGAAGTAACCAACCTACCA,CACAATCACAAGTGGAGATGGATAC,NA,0
AMPL779550,chr13,35712147,35712169,35712347,35712374,ucsc_hg38_clean_MB,ATCATCCCCTTGGTGAATCTGG,CCCTTTAAAATCAAACTACCGTCCTAG,NA,0
AMPL777462,chr13,38686579,38686601,38686805,38686826,ucsc_hg38_clean_MB,TCTTCTCAAACGCTCTGGGTTT,GCTACTCTCTGGGCTGCTATT,NA,0
AMPL779552,chr13,40540452,40540474,40540664,40540690,ucsc_hg38_clean_MB,GGAAACACCTCTTTGGCACAAA,CTGTGTGAAATAATATGAACCCAGGA,NA,0
AMPL779553,chr13,40921563,40921592,40921755,40921776,ucsc_hg38_clean_MB,CACTAACCAAGGAAAGGGGTATAAAATAA,TTGGCTGCTTAAGACGGAAGC,NA,0
AMPL779554,chr13,42992140,42992160,42992319,42992339,ucsc_hg38_clean_MB,TTCACCACTCTATTGCGGGT,TACGTGGGGAAGTTCTCTGG,NA,0
AMPL779555,chr13,44917826,44917850,44918011,44918034,ucsc_hg38_clean_MB,CCCTCGTGCTTTGAAATGGAATTA,CTCAATTTGTCTAGGCTTGGAGT,NA,0
AMPL779556,chr13,53343576,53343599,53343758,53343782,ucsc_hg38_clean_MB,GTGGCATAGCAAAGGTGTTTATG,AGGTTTCTTTCTCTCCCTCCTTTT,NA,0
AMPL779557,chr13,60583474,60583499,60583680,60583703,ucsc_hg38_clean_MB,ATCCCACCATCCAGATAGACATTAT,TTCCCTTTCAGTCTCTAGGAGGA,NA,0
AMPL777468,chr13,99979004,99979026,99979238,99979258,ucsc_hg38_clean_MB,GCGTCTATGTCTCAGGTCCCTT,TTGCATAAGGAGCCCTGTGC,NA,0
AMPL779559,chr13,102846013,102846037,102846204,102846234,ucsc_hg38_clean_MB,ATTCTCTGGACCTGTCTTTCTTCC,AACTTCTACTCTAATTCTTCTACGACGGAC,NA,0
AMPL779560,chr13,108915892,108915914,108916098,108916125,ucsc_hg38_clean_MB,CTTGAACTTGTGATCCTGCTGG,GAGCACCTTCAAGCTACTTACTAAGTA,NA,0
AMPL779561,chr14,20613527,20613554,20613739,20613760,ucsc_hg38_clean_MB,TTTTCTGATAAACTAGGTTCTTGGGTG,TTCCACATCAGGAGGTAAGCG,NA,0
AMPL779562,chr14,20631085,20631108,20631256,20631286,ucsc_hg38_clean_MB,TCACTAGTTTGTTTCAGCGTTGA,CCTAGGATTTTAGCTGCATAATAGATTGAT,NA,0
AMPL779563,chr14,20682573,20682602,20682764,20682784,ucsc_hg38_clean_MB,TAAACTGCACTCCTTATGAGAATCTAAGT,TTCCGCTTACACGTCCACAG,NA,0
AMPL779564,chr14,21308728,21308750,21308959,21308980,ucsc_hg38_clean_MB,GAGAAGGACTCCAAAGCAGAGA,GACCTGTACCTGGCAACATGG,NA,0
AMPL779565,chr14,24332578,24332597,24332816,24332834,ucsc_hg38_clean_MB,CCAGCAGATGCGAGAGTGA,ACGCCTTCCTGTTCACCG,NA,1
AMPL779566,chr14,24691658,24691682,24691849,24691875,ucsc_hg38_clean_MB,CGTGAAGGTCAACGCTTTTACTTT,AACTCAACCTGTATTAATAACTGGGG,NA,0
AMPL777475,chr14,31208048,31208066,31208285,31208307,ucsc_hg38_clean_MB,TGGCTAACACTTTGCGCG,AACGTTGATAATCGTCGGCAGC,NA,1
AMPL779568,chr14,38190376,38190403,38190557,38190580,ucsc_hg38_clean_MB,ATAAAAGAAAGCTGTACCCTGACTACA,CCTTGCTCATGTAGACAACTGAT,NA,0
AMPL779569,chr14,55107868,55107892,55108082,55108102,ucsc_hg38_clean_MB,AAAATCGAGGTCATTCTCCAAAGT,AGGTCAGAAGCAACCACTCC,NA,0
AMPL779570,chr14,56092358,56092382,56092558,56092580,ucsc_hg38_clean_MB,TATTGTCCCACCAGGTTAAAGGTC,AGCTCCTATTGTTGCTACCGTC,NA,0
AMPL779571,chr14,56797394,56797418,56797612,56797633,ucsc_hg38_clean_MB,ACTCTTTTGTGTTCCTCTTTTGCA,CCCATTCCAGTTACCTGCAAG,NA,0
AMPL779572,chr14,56797718,56797742,56797896,56797917,ucsc_hg38_clean_MB,ACAGGTCCGAAAAGAAAGAGAAGG,ATCCTCCCAGGAAATCCAGGT,NA,0
AMPL779573,chr14,57865369,57865392,57865590,57865608,ucsc_hg38_clean_MB,GCTAAGTGAACAGCCATGTTAGC,CGCTGTCAACACCGCCTT,NA,1
AMPL777482,chr14,63204042,63204069,63204231,63204252,ucsc_hg38_clean_MB,GAGCTTTTAACTAGTGACTCAGTGAAG,ACTCAAGCTGTCAGACTTCCT,NA,0
AMPL779575,chr14,64880355,64880388,64880575,64880598,ucsc_hg38_clean_MB,TAAAATATATGAAAAGACATTTAGGCCATAGGG,ATTACACTAGGTTTTCGGGCAGA,NA,1
AMPL779576,chr14,64880649,64880670,64880865,64880888,ucsc_hg38_clean_MB,CTCGCACATTGTAGGGACTGT,GTCAAGAAAATGTACTGCCTTGC,NA,0
AMPL779577,chr14,68796573,68796598,68796778,68796801,ucsc_hg38_clean_MB,ATTTCCATCTCACGACCCAAATACT,CATGACATATAGACGGTTGCAGC,NA,0
AMPL777483,chr14,73633544,73633568,73633745,73633767,ucsc_hg38_clean_MB,GAGGAAAGGAATTTGTTAGGACCC,GGTCCTTTGAGCTCCTAGAGGT,NA,0
AMPL779579,chr14,73896071,73896096,73896252,73896275,ucsc_hg38_clean_MB,GTTATTCACCAACCATTACTGCCAA,CTCTAGGAGCCCACCATTTTGAT,NA,0
AMPL779580,chr14,87150206,87150228,87150415,87150436,ucsc_hg38_clean_MB,AATGTCTCTGGGAGGGTAGGAT,TTGCAGCAGATGGAGTTAAGC,NA,0
AMPL779581,chr14,88908202,88908225,88908406,88908432,ucsc_hg38_clean_MB,AGATGTAAGTCGCCTACCCTACT,GACCTCTCTTTCTTCTGTTCTTCAAG,NA,0
AMPL779582,chr14,93991989,93992015,93992168,93992193,ucsc_hg38_clean_MB,CTCATAAGAGCCAGTGTTAAGTCTTC,CGTCTTAAAGCGAAAACCAGATCTC,NA,0
AMPL779583,chr14,102524441,102524462,102524657,102524676,ucsc_hg38_clean_MB,TCAGACCTTGACCCCCTTTTT,AGTCTCAGGCTTCACAGCG,NA,0
AMPL779584,chr14,102524864,102524887,102525094,102525118,ucsc_hg38_clean_MB,AATCAGATGCTTTCCTGGAACCC,TGATTTCAGGTCAATCACGAAAGG,NA,0
AMPL777491,chr14,103206897,103206920,103207124,103207144,ucsc_hg38_clean_MB,ACAGATGACCGTAAGTTCATCAC,CGCTGTTCTCGGACCAAACT,NA,0
AMPL779586,chr14,103281796,103281816,103281997,103282017,ucsc_hg38_clean_MB,TGAGCCATGCTGGACAGGAT,CTGAGCAACTGGATGGGAGT,NA,0
AMPL777492,chr14,104864158,104864180,104864362,104864380,ucsc_hg38_clean_MB,CTCTTGACTCCCTCTGAACTCG,AATGTGGAAGGCGTGCGC,NA,1
AMPL779588,chr15,26082172,26082201,26082380,26082402,ucsc_hg38_clean_MB,GCTTCTTGCTAAGGCTTATAAATTTACGA,AGACAGGGATTTGTTGTCGGAG,NA,0
AMPL779589,chr15,27994541,27994563,27994738,27994759,ucsc_hg38_clean_MB,CGTTCTATCACTGCACTCCTCT,TTCTTCTCCCAGGAAGCGATG,NA,0
AMPL779590,chr15,35548004,35548028,35548231,35548253,ucsc_hg38_clean_MB,GCAGTTATATGAGGAGACTGGAAG,GTCCACACAAACATGGCGATAG,NA,0
AMPL777495,chr15,36579697,36579718,36579869,36579891,ucsc_hg38_clean_MB,CTTTTGCAGCTAGGGGTGTGT,TCTCGTCGTACTGAGCTTTGGT,NA,0
AMPL779592,chr15,62165124,62165145,62165299,62165319,ucsc_hg38_clean_MB,TGTTTAAGACCCCAGACCAGT,TACGGTATAAGAGGGGAGCG,NA,0
AMPL777499,chr15,67013666,67013688,67013890,67013914,ucsc_hg38_clean_MB,AAAGTCAGAGGTGGGAAAGGAC,AAAACTTCCTGTTCAAGTCCTGGC,NA,0
AMPL777500,chr15,77944556,77944576,77944780,77944807,ucsc_hg38_clean_MB,TCATCATCGCACCAGGAAGC,TTAATTCGGTCCTCAGTTAAACTGACG,NA,0
AMPL777501,chr15,81133966,81133989,81134205,81134225,ucsc_hg38_clean_MB,TAAAAGCTCCTCTTTGTTGCCTC,CTGCTGGCCAATAAGCGACA,NA,0
AMPL779596,chr15,88986131,88986155,88986350,88986373,ucsc_hg38_clean_MB,GAGTCATTTACACAGCCCTCAAAA,CTAACAGAAAAGGTGGCTCGAAG,NA,0
AMPL779597,chr15,96053101,96053123,96053294,96053322,ucsc_hg38_clean_MB,TAGTACCTCCATCGGGTCTCGT,AACACTCCTTTTAAATTAAATGCACCAC,NA,0
AMPL779598,chr15,101069375,101069398,101069571,101069594,ucsc_hg38_clean_MB,CAAGCCAAGATCAGATGTCTCTG,TGAAGTCCTGCTGATTGAGTTTC,NA,0
AMPL779599,chr16,675165,675187,675364,675384,ucsc_hg38_clean_MB,CAGCGTCTTCCTCCTCCTAAGA,TGAGGATGCCACCTCTTCCA,NA,1
AMPL777510,chr16,2023201,2023220,2023428,2023446,ucsc_hg38_clean_MB,ACAGGACTGGATCGAGTGG,TGCGACGACCCAAGAGTG,NA,1
AMPL777512,chr16,3099342,3099368,3099560,3099584,ucsc_hg38_clean_MB,GCTTCCTAGAGTTAACCCTTAAGCTC,GAATGAAAAGCCTAGCAAAGAAGC,NA,0
AMPL779602,chr16,3180478,3180500,3180668,3180689,ucsc_hg38_clean_MB,CTTTCACCAAGTCTTGCATTGC,TTGTTTCCACCACCCTTAGGC,NA,0
AMPL777513,chr16,3188303,3188324,3188486,3188510,ucsc_hg38_clean_MB,CTCGCCTTGGTGAAATGGGAT,AAACTGGAATTTTAAGCGGAGGAG,NA,0
AMPL779604,chr16,14070889,14070914,14071111,14071130,ucsc_hg38_clean_MB,TTTTCCTCTCTCTAGAATGGGGAGG,TTAAAGCCCAGGTGCGAGG,NA,1
AMPL777516,chr16,15888856,15888880,15889052,15889076,ucsc_hg38_clean_MB,ACCTTAGTGCTTAACTTTAGCCAG,CGATAGAAATGCAAATCCTAGGGC,NA,0
AMPL779606,chr16,22195819,22195842,22196035,22196058,ucsc_hg38_clean_MB,GCATATTAGTGTGATGACGGAGG,CGCCCAAGGAAAACTCAAAATCA,NA,0
AMPL777518,chr16,22670500,22670523,22670686,22670713,ucsc_hg38_clean_MB,CTGCATCAGTATCAAGCCACAAA,CAATCAGATTAGCTCTCCCTAGAATAG,NA,0
AMPL777520,chr16,27109541,27109563,27109769,27109788,ucsc_hg38_clean_MB,ATGAATGAAGAGGAGGAAGGGA,ACAGCTCCTGGTCTCGTAC,NA,0
AMPL777523,chr16,30183369,30183391,30183590,30183613,ucsc_hg38_clean_MB,GAGGAAAGAAGCAATGGGGTGC,AAGACAATGAATGAGAAGCAGCC,NA,1
AMPL777524,chr16,31713391,31713410,31713632,31713650,ucsc_hg38_clean_MB,AGATCCGTAGCTCAGACGC,CATGGCAGAGGTCGCTCT,NA,1
AMPL779611,chr16,55728757,55728781,55728971,55728992,ucsc_hg38_clean_MB,AGTAGGGCATTGAGATTGTATGTG,CCTGCCGTTTGTTTATTTGGC,NA,0
AMPL779612,chr16,75594125,75594149,75594307,75594329,ucsc_hg38_clean_MB,CAGAGTATGGGATATTGGCTCAGA,CGTGCGTGTTTGATTCTTTGAC,NA,0
AMPL777528,chr16,77190424,77190444,77190624,77190644,ucsc_hg38_clean_MB,AGGTCCTGGTCCAAGTGAGT,TCTCCCAGAACTGAGGCAAC,NA,0
AMPL777530,chr16,78072206,78072232,78072391,78072416,ucsc_hg38_clean_MB,TTTTCTCACCAGTTCTACCTAGAGTC,TCTACTTCTCCTAACTCCTTCAGGT,NA,0
AMPL779615,chr16,84266468,84266495,84266682,84266705,ucsc_hg38_clean_MB,AGTAATATAACATTAGCTGTCCACCTC,TAACGTTTGAACTCGTCCTCTGG,NA,0
AMPL779616,chr16,84506987,84507014,84507204,84507226,ucsc_hg38_clean_MB,TGCTTGACATTTTGCATATAAAGTGAG,ACATGGAAAATTGGGCAGGGAT,NA,0
AMPL779617,chr16,86287137,86287159,86287387,86287406,ucsc_hg38_clean_MB,TCTGCAACTCTCCCTCTGTTTT,AGGCGTCTCCACTGACCAT,NA,1
AMPL779618,chr16,86575693,86575713,86575905,86575925,ucsc_hg38_clean_MB,TGACTTCTCAGATGACGCGC,ATATTTCCGGGGAGTGCAGG,NA,0
AMPL777536,chr16,89917816,89917838,89918040,89918059,ucsc_hg38_clean_MB,CTTTCCTGCAGCTGTAAATGGG,TCAAAGGCAGACCTCTCGC,NA,1
AMPL779620,chr17,1259256,1259278,1259481,1259501,ucsc_hg38_clean_MB,CTGGAGTTCCACTTTCTGACCA,AGACATCTCCACCCAGTTCC,NA,0
AMPL779621,chr17,3048973,3048995,3049210,3049230,ucsc_hg38_clean_MB,GCCTTTTCCATCTCCTCATTGG,AGAAACGAGCTTCCAGCAGC,NA,0
AMPL777538,chr17,5700004,5700031,5700195,5700220,ucsc_hg38_clean_MB,CATATGGTAAAATATTCATCGGGATGC,GGACGTTGGTGGAATGTTAAATACA,NA,0
AMPL779623,chr17,7560906,7560932,7561124,7561146,ucsc_hg38_clean_MB,TATATAAAGGAGAGGGAATGTGCAGG,TAGATGGTGGTGCTGTTCTGGA,NA,0
AMPL779624,chr17,8187686,8187709,8187864,8187891,ucsc_hg38_clean_MB,GTACGATTACTGCACTCCGTTTT,CAGTAAGTTCAGGAGCCATATATTGTG,NA,0
AMPL777543,chr17,15341702,15341722,15341918,15341941,ucsc_hg38_clean_MB,TGGCCAGTTATAGGAGAGGC,TTAGAATCGGCCAAGTTCTTCGC,NA,0
AMPL779626,chr17,15491001,15491025,15491192,15491213,ucsc_hg38_clean_MB,CATTTCCTGTTGGTGTCCTTTGAC,TGGGGTGAGTAACATGAAGCC,NA,0
AMPL777545,chr17,17350455,17350479,17350676,17350697,ucsc_hg38_clean_MB,TGAACCCCAGAAAAGAAGATCCAC,TACATGCTCCACAAACCTGCT,NA,0
AMPL779628,chr17,19470836,19470861,19471040,19471061,ucsc_hg38_clean_MB,GCTGAATTCCCGAATTACTAAGACT,GATGTCCTTAAAGGCCTCAGC,NA,0
AMPL779629,chr17,31078771,31078795,31078970,31078995,ucsc_hg38_clean_MB,TTGGGTAACAACCACCTTTTGTAC,CCTGTGTTAGAAGAAGCTGATCTCA,NA,0
AMPL777548,chr17,34157744,34157768,34157929,34157956,ucsc_hg38_clean_MB,CTCAGAGAAGGAGCAACAAGTAGT,CCAAATGTACTTCCATCTGACAAATCC,NA,0
AMPL777549,chr17,34616273,34616299,34616451,34616476,ucsc_hg38_clean_MB,ACTTTTATTCCAACATTGGGTTCCAG,ATACATAATCACTGACTCCATGCTG,NA,0
AMPL779632,chr17,38609471,38609493,38609652,38609675,ucsc_hg38_clean_MB,TTCTGGGGCTTTCTGAACACAG,GTTTGATGTGCTAATGAGGGCAT,NA,0
AMPL779633,chr17,38861642,38861665,38861856,38861880,ucsc_hg38_clean_MB,TTTATCTTTCTTGCCCGTCACTG,ACTTTACTTGGGTCCAGATCACTC,NA,0
AMPL779634,chr17,39153711,39153734,39153918,39153945,ucsc_hg38_clean_MB,ACAGTATCTCGAAAAGGCCAAAG,GTGAGTAATTCTTCTGGGAGTTGTATT,NA,0
AMPL779635,chr17,40099216,40099235,40099408,40099432,ucsc_hg38_clean_MB,TCAATCGAGAGCAGTCGCC,TTGTTTTCATTCAGCAGAAGCCGT,NA,1
AMPL777554,chr17,43315768,43315791,43315967,43315989,ucsc_hg38_clean_MB,GTAGCCAACTATAAACCATGCCC,GAACGCACACACTAAGCTAGGA,NA,0
AMPL779637,chr17,43315999,43316023,43316181,43316205,ucsc_hg38_clean_MB,GTTTCTGAGAATGCTGTGTTGAGG,TCACACATACTCTCACCTAGACAA,NA,0
AMPL777559,chr17,48597124,48597148,48597351,48597373,ucsc_hg38_clean_MB,GGCCAACAAATAATCCAACCTGAG,ACCAAAGACGGCTCCATTAAAA,NA,0
AMPL779639,chr17,49981007,49981031,49981181,49981206,ucsc_hg38_clean_MB,AATTCTTTGCTCCAACAGATCCTG,AGAATTCACGGTTTAGAAAGGTGGG,NA,0
AMPL777560,chr17,50094204,50094228,50094415,50094437,ucsc_hg38_clean_MB,TTGCTCTGTGAGGTCTGTATTACA,AATGTGGTATCTCCCATCGTGG,NA,0
AMPL779641,chr17,50719066,50719089,50719247,50719270,ucsc_hg38_clean_MB,TCACCTGGCCTACTGGATCAATA,GCTTCCGACTCCATTTTCCTAGT,NA,0
AMPL779642,chr17,56699443,56699465,56699624,56699647,ucsc_hg38_clean_MB,CTGGCCCAGGAACAATAACAAG,GTATCTGACTCATCATCTCCCCG,NA,0
AMPL779643,chr17,67046376,67046398,67046562,67046582,ucsc_hg38_clean_MB,AGTCTGCTTGTGAGGCAAAGAG,TATGCGATACCCTGCAAGCA,NA,0
AMPL779644,chr17,67321972,67321993,67322193,67322219,ucsc_hg38_clean_MB,GTACAGGAGTCCTTGGAAGGT,CCTTTTGTCCTCTCCTTATTGTACTC,NA,0
AMPL779645,chr17,68019801,68019826,68019984,68020005,ucsc_hg38_clean_MB,AGCACCTCTTTATTTGTGATAACGA,CGTAAGGAGAGGGTGTGAGAA,NA,0
AMPL777561,chr17,68034228,68034252,68034435,68034457,ucsc_hg38_clean_MB,TTTCCTACCTCCAACCAGTAAACA,TAATGCCAGCCTCATTCATCGT,NA,0
AMPL779647,chr17,77451333,77451352,77451525,77451545,ucsc_hg38_clean_MB,TTGGAGCAATTCCCCACCG,AAAGGAGCAGGACTCACCCC,NA,1
AMPL777564,chr17,77834748,77834778,77834954,77834975,ucsc_hg38_clean_MB,GTTCTCAGAACAGATAAGAACTAAGTAGCA,TGTAGGAGGAAGGGCTGATTG,NA,0
AMPL779649,chr17,81488870,81488890,81489042,81489066,ucsc_hg38_clean_MB,GAGCACTTTGCAGAGGGACA,AGTGAGAATCCAACATATCCCCAA,NA,0
AMPL777567,chr18,3296854,3296874,3297076,3297100,ucsc_hg38_clean_MB,AAGACATTCCCGACCCTACC,GAGAGAACAACCAATGCTTTCAAG,NA,0
AMPL779651,chr18,11908532,11908551,11908709,11908728,ucsc_hg38_clean_MB,TGATCCCCAGAGCGGACAA,AAATGCCTTTCCCGCGTCC,NA,1
AMPL779652,chr18,12254034,12254056,12254251,12254269,ucsc_hg38_clean_MB,TGATGCTGCCAGGATTGGTTAT,AGGACGTTTTGGCACGAG,NA,1
AMPL779653,chr18,23586864,23586885,23587108,23587133,ucsc_hg38_clean_MB,TTCTCCTCCCAACCCAGTCAC,TAGAACTTAAAACAGACCCTGGTCC,NA,1
AMPL779654,chr18,45978054,45978079,45978247,45978269,ucsc_hg38_clean_MB,CACAGGGACACTCTGAATCTAAAAC,GCTTACTGCACTGGATGAGTCA,NA,0
AMPL777571,chr18,54246989,54247016,54247171,54247193,ucsc_hg38_clean_MB,TGAATAATGAAGAGTTCTGTTCTCCTC,CCATTAACCCCACAATAGCCTT,NA,0
AMPL779656,chr18,54607270,54607295,54607464,54607487,ucsc_hg38_clean_MB,GCCTATTGAGATAAATTCCCCTGTT,GTGTGGCATGTATTACCTCTGTG,NA,0
AMPL777572,chr18,57622031,57622053,57622237,57622257,ucsc_hg38_clean_MB,GTGTCACTTTTGCACCCTTCCT,AAGTTTACGCAACCCGCTGC,NA,0
AMPL777573,chr18,59899508,59899534,59899730,59899757,ucsc_hg38_clean_MB,CTCTTCAAGTTCGAAAAGTTTCCTTT,AAATTACTTCCTTACAAAACGAGGTGG,NA,0
AMPL777575,chr18,62522472,62522491,62522668,62522689,ucsc_hg38_clean_MB,TGTGAGCGACACCTGGCAA,ATTCTCCTCTGCTTGCCAGCT,NA,1
AMPL777581,chr19,507164,507187,507353,507375,ucsc_hg38_clean_MB,TTGCTAGGAGACCATGCTAATGA,GTACGCTACCACTTTCCTTGTG,NA,0
AMPL779661,chr19,1357861,1357883,1358038,1358065,ucsc_hg38_clean_MB,CCTGTTGCTCTTCCTTGTGGAG,GGTAATGTCACTAAAAGCTGTTTACAG,NA,0
AMPL779662,chr19,1848773,1848795,1848958,1848980,ucsc_hg38_clean_MB,GCCCGCTATTACTCATTTGCAT,GTTGGGGAGATTAAGGCGTTTC,NA,0
AMPL779663,chr19,2977114,2977138,2977364,2977383,ucsc_hg38_clean_MB,ATGCGTAAAACAATGCAACTACTC,CCAATAGCGAGGCCGTTTA,NA,1
AMPL779664,chr19,3607441,3607462,3607684,3607706,ucsc_hg38_clean_MB,CATGGGAGGGTCTCTTGAGGA,GGTCCCTAACTCAAGGTTCTGT,NA,1
AMPL777584,chr19,3626782,3626801,3626950,3626971,ucsc_hg38_clean_MB,GGCACCAACACCAATAGCC,ATCCCACTGGAGTCAATCACG,NA,1
AMPL779666,chr19,7903164,7903187,7903386,7903416,ucsc_hg38_clean_MB,GGGTGTCTTGAGGTTCTATGTGG,TTTATTAGGATTCCTCTTGTGCTTAATTAC,NA,0
AMPL777586,chr19,9310101,9310123,9310318,9310345,ucsc_hg38_clean_MB,TTTTAAATACTCCAAGGGGCGG,CTGCAAATATATGTGTCCTGTGTACAG,NA,0
AMPL779668,chr19,10569654,10569676,10569816,10569849,ucsc_hg38_clean_MB,GAAGGCCTGAGAGGACATAGTC,GAGACCCTGACTCAAAAATAAATACATATATAA,NA,0
AMPL777588,chr19,11624554,11624581,11624751,11624774,ucsc_hg38_clean_MB,AATTGAATTTGGAAAGCTACCTTAGGG,GCAAAACCTGAGCAAGTACAATG,NA,0
AMPL777589,chr19,13155354,13155376,13155549,13155572,ucsc_hg38_clean_MB,TCGAGGAATCGTTGTGTGTCTC,ACAACCCCACTCTTAAACCTACG,NA,0
AMPL777592,chr19,18152818,18152837,18153061,18153079,ucsc_hg38_clean_MB,GGCACTGAGCACATTCGGT,ACCCGAGTGTTTCCGGAA,NA,0
AMPL779672,chr19,18192718,18192742,18192915,18192935,ucsc_hg38_clean_MB,ATCACATCCCTTCTGGTTAAGTCC,TTCTGTGCCAGCCTATGGGA,NA,0
AMPL777593,chr19,19644035,19644060,19644259,19644283,ucsc_hg38_clean_MB,TGATATTCTGTCCGATTCCAACCAA,TATTTCCAGCCCCAAAATTCCACT,NA,0
AMPL779674,chr19,19668178,19668201,19668394,19668414,ucsc_hg38_clean_MB,GAAAGGACGAAGAGACCTGAAGT,GTTCCAGGATGCGGTCACAA,NA,0
AMPL777596,chr19,33176973,33176993,33177193,33177215,ucsc_hg38_clean_MB,ACAACAGGCCGAATGTGTGC,GCTCACACCCTCATAGTATCGG,NA,0
AMPL779676,chr19,34134364,34134384,34134608,34134626,ucsc_hg38_clean_MB,GGGAGGATCAACCCACTCGA,GGCAGCGCAACAAGTGAC,NA,1
AMPL779677,chr19,35702333,35702353,35702507,35702527,ucsc_hg38_clean_MB,AAGGACGCGCACAACAACAC,ATAGCCAATGAGACGCCAGG,NA,0
AMPL779678,chr19,35717032,35717053,35717244,35717262,ucsc_hg38_clean_MB,CCCTTCAGGACTAGAAAGCCG,TGACTTGCGGTCGCACAG,NA,1
AMPL777598,chr19,35744982,35745005,35745219,35745241,ucsc_hg38_clean_MB,CTGCAGAAAGGTCCAATGAGAAA,GTTCACCTTTGTCTTTGCACCT,NA,0
AMPL777599,chr19,38335554,38335584,38335774,38335794,ucsc_hg38_clean_MB,TATATATTTGGGTAGGAAGCACAAGTAGGG,ACACTTCCACAGCCGACTTC,NA,0
AMPL777600,chr19,38336671,38336691,38336868,38336888,ucsc_hg38_clean_MB,TGGAAGTACACGGGTGCGAT,ATGTTTCTGGCCACACCCCT,NA,0
AMPL779682,chr19,38337127,38337146,38337341,38337364,ucsc_hg38_clean_MB,AAGTGCTGTGAGAGGCGCA,ATTCCTGGAAATCCTTGATCGCC,NA,0
AMPL777604,chr19,44808087,44808107,44808291,44808312,ucsc_hg38_clean_MB,ACGTTCTGACCACTGTCCTG,TCATTCCCTCCCAACCTTGTG,NA,0
AMPL777605,chr19,45478995,45479017,45479201,45479225,ucsc_hg38_clean_MB,GAGGAGAGATTCATGATTCGGC,GACTCAGTAGACGCTCAATAAACG,NA,0
AMPL779685,chr19,45886278,45886301,45886504,45886525,ucsc_hg38_clean_MB,AAACCTTACAACCTTCTCCGTGG,TAATCCGTCATTGGCCCACCT,NA,0
AMPL779686,chr19,45886796,45886819,45887008,45887030,ucsc_hg38_clean_MB,TCTGGTCTCTAAAGGGTTACACC,GCAACAGAAGATAAGGGTCCCC,NA,0
AMPL777608,chr19,46077401,46077424,46077585,46077608,ucsc_hg38_clean_MB,ATTTTCACCACAGGGAACTTGGA,TCTGTCGCTATCACTTTCTTGGG,NA,0
AMPL779688,chr19,46426836,46426857,46427018,46427040,ucsc_hg38_clean_MB,TGCTAGGTTCTGGCTCTGACT,GTGGCATCCGCGTATAATTGAA,NA,0
AMPL779689,chr19,46530676,46530698,46530892,46530912,ucsc_hg38_clean_MB,TCCCATACTCCCTTCAGTCCCT,AGGGAGGAAGCGTACTGACT,NA,0
AMPL779690,chr19,49403882,49403910,49404071,49404092,ucsc_hg38_clean_MB,GCCTACAGAGCATCTATAGATTGAGTTC,TCCACCTGGTAGGGATTTGCA,NA,0
AMPL779691,chr19,51064660,51064686,51064855,51064876,ucsc_hg38_clean_MB,GATGAAAACAATTTAGGCACAAAGCA,AGCTCTTCCTGCTTGTCCCTG,NA,0
AMPL777610,chr19,53595015,53595038,53595200,53595221,ucsc_hg38_clean_MB,CCACCCTCTGCATAAAGACAGAC,CAAGCATCTGTAACCTGGGGA,NA,0
AMPL779693,chr19,54136869,54136892,54137080,54137107,ucsc_hg38_clean_MB,CTGGTCCCTTTCTTCTTTCACTC,GCCCTAAAAGTTATCATTCATGCTAGT,NA,0
AMPL779694,chr19,54462611,54462631,54462838,54462858,ucsc_hg38_clean_MB,TCACCATGAGGGCCACAAAA,TGATTTGGGAACACTGGCCC,NA,1
AMPL779695,chr19,55587407,55587428,55587631,55587663,ucsc_hg38_clean_MB,TATTCATTACTCCCTGGCCGG,AAAATCAGCTAAATCTTAGAGATATTCCTCTC,NA,0
AMPL777613,chr19,56080746,56080770,56080949,56080970,ucsc_hg38_clean_MB,ACATCCCACTTTCCTACCCTAACC,TAAACACGGGCGAGTAAGTGG,NA,0
AMPL777615,chr20,310020,310047,310221,310245,ucsc_hg38_clean_MB,AAATCCAAGTCTGTTATATCCCGTCAG,AATTCCATCCTTCCCTGACTTCTC,NA,0
AMPL779698,chr20,728577,728598,728759,728779,ucsc_hg38_clean_MB,CTCATCCATTCCTCGCTCACT,TTCCAAGTCCATCTGCAGCG,NA,0
AMPL777616,chr20,1225356,1225379,1225598,1225617,ucsc_hg38_clean_MB,GGACTGCATCATAGGGATGTTCA,CAGTGCGCTAGAGTGGAGA,NA,0
AMPL779700,chr20,6123297,6123320,6123465,6123491,ucsc_hg38_clean_MB,GGACTAGCCCAGATGATTAAAGC,CTTACTCAGAGACGAATCGTTTTGTC,NA,0
AMPL779701,chr20,13046277,13046302,13046493,13046516,ucsc_hg38_clean_MB,TCCTTTTCTCCTACATTCCTCAGTG,TCAGAGTCTCATGAAGGAAGACA,NA,0
AMPL777619,chr20,23357978,23358000,23358159,23358182,ucsc_hg38_clean_MB,TGGTAACGTTGAGGAAAGGACA,ACTAGCTGTCAAAAGAGTCCTCA,NA,0
AMPL777620,chr20,30500408,30500433,30500620,30500644,ucsc_hg38_clean_MB,TGACCCCTCCTAAATCTCAAGTAGA,GGCCACTGTTATTGAAAGTTGAGG,NA,0
AMPL779704,chr20,38727506,38727529,38727688,38727710,ucsc_hg38_clean_MB,TTGTTTCTCATCATCTTCGCCGC,TCATCACCAGCTCGATGATCTG,NA,0
AMPL777623,chr20,40275039,40275061,40275249,40275274,ucsc_hg38_clean_MB,TGCATATGAGAGCTGCATGGAT,CTGCTGGGAATGTTGTTTCTCTTTA,NA,0
AMPL777625,chr20,43590483,43590512,43590671,43590693,ucsc_hg38_clean_MB,GCGGAGTTAATAAAACAGAATTATACGGT,ACAGGGAGGAGAATAGTGAAGG,NA,0
AMPL779707,chr20,46312557,46312579,46312806,46312826,ucsc_hg38_clean_MB,TCTCGCCAGCACATTTGTAAAA,AGTCCCCTCCCCAAGTAGTC,NA,1
AMPL779708,chr20,49982284,49982304,49982483,49982503,ucsc_hg38_clean_MB,AGGCTCTGAGTGTTCTGTCC,TGACGAGGGAAACGCACATC,NA,0
AMPL779709,chr20,50221183,50221206,50221399,50221422,ucsc_hg38_clean_MB,ATTTCCTCCTCCTAAGCATCAGT,GGACCTCAGCTCTTTCCCTTAAA,NA,0
AMPL779710,chr20,56910361,56910383,56910565,56910587,ucsc_hg38_clean_MB,GGGAAAATGCCATCTGCTTTGT,CCAGTGTGCAAATGAGAACCAT,NA,0
AMPL779711,chr20,57013711,57013736,57013934,57013957,ucsc_hg38_clean_MB,CTGAAAAGAATCTTCTGGAATGCCA,GATCTCTGATAGGGGATCCTTCC,NA,0
AMPL779712,chr20,59078283,59078313,59078458,59078482,ucsc_hg38_clean_MB,ACACTTTTCATGTCAATACTAAGAAAGAGG,CGCATACCTACTTGTTAGTGTCAT,NA,0
AMPL777627,chr20,63071553,63071574,63071766,63071788,ucsc_hg38_clean_MB,TTCCTCACATGCTACCCTGTC,TCAGTGCTAGACCAACCTTTGA,NA,0
AMPL779714,chr21,29002491,29002513,29002697,29002719,ucsc_hg38_clean_MB,GTGCACCATTCCTCTAATCCCC,TTCGGATTTCGGCAATAGCTTC,NA,0
AMPL777633,chr21,36429918,36429943,36430110,36430132,ucsc_hg38_clean_MB,GATTTAAGATCATGCCGCTCTTGTT,TAATGACTCAGAGGCCAGAGCT,NA,0
AMPL779716,chr21,37593176,37593197,37593359,37593383,ucsc_hg38_clean_MB,AGCCATTGTTCTGAGAGACCG,ATGTTGCAAGGGTTTAATGGACAG,NA,0
AMPL779717,chr21,38521273,38521298,38521465,38521489,ucsc_hg38_clean_MB,TGGTCCAGTTATCACAAAACCTTAC,GCTTCTTTTGTCCTAGAGTAACCC,NA,0
AMPL777634,chr21,39183724,39183746,39183901,39183919,ucsc_hg38_clean_MB,AACTCCAGGACTCTAGCGATCG,TTCCGCTACCGCCACGAA,NA,1
AMPL779719,chr21,42040627,42040650,42040809,42040831,ucsc_hg38_clean_MB,GGCTAGGGATTCTGTGGTTATTC,TCAGGTGTCTACTCTCAGCCTA,NA,0
AMPL777637,chr22,21013970,21013990,21014180,21014202,ucsc_hg38_clean_MB,TGCTGGACAGAGGTCTCCTG,CAGAGGTCTGGGGAGGATAAAA,NA,1
AMPL779721,chr22,21656929,21656951,21657143,21657165,ucsc_hg38_clean_MB,GTGGTCATTTGGATGTGGGTCT,CTTGTTTGCTCTGTACTCGCTG,NA,0
AMPL779722,chr22,26642819,26642841,26643000,26643023,ucsc_hg38_clean_MB,GAGCACTGGCAAGCTTTTGTTT,TCAGAGATTGTGGATGTGTGAGG,NA,0
AMPL779723,chr22,27631018,27631039,27631242,27631264,ucsc_hg38_clean_MB,ATCACAAAGGTTGGTCAGGCG,AAACACACATGTAGGAGGTCCC,NA,0
AMPL777639,chr22,28760310,28760333,28760496,28760518,ucsc_hg38_clean_MB,TCTGAGGTGAGTGGGTTTACTTT,GGGTGCTTCACTTGCTTCAATT,NA,0
AMPL777640,chr22,39546001,39546025,39546188,39546209,ucsc_hg38_clean_MB,GTTGGCTCAGGAAGTTATTCTGTA,CAAGTGTGGTCAAGGGTCTTG,NA,0
AMPL779726,chr22,41232574,41232599,41232763,41232785,ucsc_hg38_clean_MB,CTGCCTTGAATTCCTTTGTATTCCT,AAGCTCTGATGAGTCCACTTCC,NA,0
AMPL779727,chr22,45090927,45090952,45091110,45091137,ucsc_hg38_clean_MB,TCCTATTGCTTCTGTCTACTGAGAT,CTGGATTTTAGTTTCTATTGGTTGGGG,NA,0
AMPL779728,chr22,45629279,45629303,45629491,45629517,ucsc_hg38_clean_MB,TTTTAACTATTGGTGTGGGTCTGC,GTATTTAAACAAGGAAGGAAGGGAGG,NA,0
AMPL777641,chr22,50199997,50200017,50200185,50200209,ucsc_hg38_clean_MB,TGAAGAGGGAACGGTTGCTG,TTCACATACAGGAGCTACATCCAG,NA,0
