ID,Dir,Sequence,Panel
NOEG_AMPL779519_DNase_only,for,GTACTCGCAGTAGTCTTCATCACTCACAGGCAGGATT,60
NOEG_AMPL779365_DNase_only,for,GTACTCGCAGTAGTCCGTGATTCCAACTACCTGCTTAAG,60
NOEG_AMPL777308_DNase_only,for,GTACTCGCAGTAGTCACCTTCCTCCACTTTGGCTCTG,60
NOEG_AMPL779350_DNase_only,for,GTACTCGCAGTAGTCCCTTTAGCCTGCTGATCTAGGTT,60
NOEG_AMPL779510_DNase_only,for,GTACTCGCAGTAGTCCATTGTCTTTATTTATTTATTCGGGCTGTTA,60
NOEG_AMPL777600_H3K4,for,GTACTCGCAGTAGTCTGGAAGTACACGGGTGCGAT,60
NOEG_AMPL777608_H3K4,for,GTACTCGCAGTAGTCATTTTCACCACAGGGAACTTGGA,60
NOEG_AMPL779606_H3K4,for,GTACTCGCAGTAGTCGCATATTAGTGTGATGACGGAGG,60
NOEG_AMPL779468_H3K4,for,GTACTCGCAGTAGTCCCTGGGAAGTCACTGAAAACAG,60
NOEG_AMPL777616_H3K4,for,GTACTCGCAGTAGTCGGACTGCATCATAGGGATGTTCA,60
NOEG_AMPL779334_PLS,for,GTACTCGCAGTAGTCGCGGGTCTGCATTTTCACAG,60
NOEG_AMPL777281_PLS,for,GTACTCGCAGTAGTCGACTCCAATTCCTGATGTGCAAA,60
NOEG_AMPL779475_PLS,for,GTACTCGCAGTAGTCTGCATTCTTTTCTGATGTTTCCCC,60
NOEG_AMPL777310_PLS,for,GTACTCGCAGTAGTCTGAGGGATCAATGCACTTCCG,60
NOEG_AMPL779470_PLS,for,GTACTCGCAGTAGTCCAAGGGTTTCCAATCCATACTACAC,60
NOEG_AMPL777554_dELS,for,GTACTCGCAGTAGTCGTAGCCAACTATAAACCATGCCC,60
NOEG_AMPL779283_dELS,for,GTACTCGCAGTAGTCAAAGAGGGTCTCCGGTTTGC,60
NOEG_AMPL779588_dELS,for,GTACTCGCAGTAGTCGCTTCTTGCTAAGGCTTATAAATTTACGA,60
NOEG_AMPL777083_dELS,for,GTACTCGCAGTAGTCCACCAGCGGACACAAGTATGA,60
NOEG_AMPL779540_dELS,for,GTACTCGCAGTAGTCCGGCAAGTGATTTATCCCTGTAC,60
NOEG_AMPL779453_low_DNase,for,GTACTCGCAGTAGTCCGTGTTTTCTCCATGTTGAACCA,60
NOEG_AMPL779649_low_DNase,for,GTACTCGCAGTAGTCGAGCACTTTGCAGAGGGACA,60
NOEG_AMPL779249_low_DNase,for,GTACTCGCAGTAGTCGAAACTCAAGGAAATCAGGCATCC,60
NOEG_AMPL779213_low_DNase,for,GTACTCGCAGTAGTCCAGCTCTGTCACTTAACAGGTGT,60
NOEG_AMPL779246_low_DNase,for,GTACTCGCAGTAGTCTTGGTACTAGGGAAACAGACTCTT,60
NOEG_AMPL777237_pELS,for,GTACTCGCAGTAGTCGGGTTACTTTCTGTTTAAGCAAGGA,60
NOEG_AMPL777604_pELS,for,GTACTCGCAGTAGTCACGTTCTGACCACTGTCCTG,60
NOEG_AMPL777561_pELS,for,GTACTCGCAGTAGTCTTTCCTACCTCCAACCAGTAAACA,60
NOEG_AMPL777214_pELS,for,GTACTCGCAGTAGTCAGAGAAACTTAATTGCTGTTTGTTCC,60
NOEG_AMPL779668_pELS,for,GTACTCGCAGTAGTCGAAGGCCTGAGAGGACATAGTC,60
OEG_AMPL778425_DNase_only,for,GTACTCGCAGTAGTCGGTCTGAATTTTCTTGGAACCTCC,60
OEG_AMPL778749_DNase_only,for,GTACTCGCAGTAGTCAGAGGCCCTCGGAAAATAGAGA,60
OEG_AMPL778662_DNase_only,for,GTACTCGCAGTAGTCTTCCTCCAACTATTGTCAAAGAAGG,60
OEG_AMPL778759_DNase_only,for,GTACTCGCAGTAGTCGATTGATTGAGGAGACTGGCC,60
OEG_AMPL778626_DNase_only,for,GTACTCGCAGTAGTCCTTGTGAGATATGTACACAGAATACAGAG,60
OEG_AMPL778643_H3K4,for,GTACTCGCAGTAGTCTTAAGGATTTGACTGCGATTGAGAA,60
OEG_AMPL778543_H3K4,for,GTACTCGCAGTAGTCTGCTAAAAGCAGGCGACGG,60
OEG_AMPL778667_H3K4,for,GTACTCGCAGTAGTCAGCGAGAAATTTGACATCCCTGT,60
OEG_AMPL778599_H3K4,for,GTACTCGCAGTAGTCTGTCTGGCGCAAAGGTTTGG,60
OEG_AMPL778497_H3K4,for,GTACTCGCAGTAGTCTAAAATTTAGAGTCCTATCCCAGCAAC,60
OEG_AMPL778548_PLS,for,GTACTCGCAGTAGTCCCAAGCTCTCCGAGTAGAAAAC,60
OEG_AMPL778653_PLS,for,GTACTCGCAGTAGTCGTTATAACTGAACAACCCGAGCCC,60
OEG_AMPL778432_PLS,for,GTACTCGCAGTAGTCGAAAAGAGGTTCTAAAAGAAGGGAGG,60
OEG_AMPL778450_PLS,for,GTACTCGCAGTAGTCTTGAATACCGCCACCCACATC,60
OEG_AMPL778437_PLS,for,GTACTCGCAGTAGTCTAGTAACGCAGATAAAAGTCACTCTC,60
OEG_AMPL778673_dELS,for,GTACTCGCAGTAGTCTTTCTCTGGTTTCACTTTCAGTTTCTT,60
OEG_AMPL778605_dELS,for,GTACTCGCAGTAGTCAACAAAATCTAATTTTCAGGCCCTTC,60
OEG_AMPL778472_dELS,for,GTACTCGCAGTAGTCGGTTTTCCGCTTTGCCAGCT,60
OEG_AMPL778748_dELS,for,GTACTCGCAGTAGTCCAGGAACTCTCCACCAGCTT,60
OEG_AMPL778642_dELS,for,GTACTCGCAGTAGTCTTGCCCCATTAAAAGGAAAGGG,60
OEG_AMPL778564_low_DNase,for,GTACTCGCAGTAGTCCAGTAGAGTGTGTCCTAACTTAACATG,60
OEG_AMPL778576_low_DNase,for,GTACTCGCAGTAGTCGAAACAATAGCTGACCCATCTTGA,60
OEG_AMPL778490_low_DNase,for,GTACTCGCAGTAGTCTGCCCTTTTATCAGTGGTTTAGTG,60
OEG_AMPL778465_low_DNase,for,GTACTCGCAGTAGTCTCATCGAATGACTGGCTTTTACTC,60
OEG_AMPL778601_low_DNase,for,GTACTCGCAGTAGTCGTGTGGCGTGTACATTTGTGTA,60
OEG_AMPL778463_pELS,for,GTACTCGCAGTAGTCAGTTGGATAGCGTTTGCCAAGTA,60
OEG_AMPL778531_pELS,for,GTACTCGCAGTAGTCATAGAGGGGCTGTGTCATAGAC,60
OEG_AMPL778507_pELS,for,GTACTCGCAGTAGTCCACACCCTTCTTCCTAGAATGTTTT,60
OEG_AMPL778729_pELS,for,GTACTCGCAGTAGTCCGGGAGAAATTAGACTAACAGCCT,60
OEG_AMPL778755_pELS,for,GTACTCGCAGTAGTCCAACTCCGCCTGTACTGAAATACA,60
NOEG_AMPL779519_DNase_only,rev,GTCTCGTGGGCTCGGAGATGTGTATAAGAGACAGCAATGACAGAGGAATAACATACACCG,60
NOEG_AMPL779365_DNase_only,rev,GTCTCGTGGGCTCGGAGATGTGTATAAGAGACAGTCTCTATTATATCAAATGTGGGGCAC,60
NOEG_AMPL777308_DNase_only,rev,GTCTCGTGGGCTCGGAGATGTGTATAAGAGACAGAAATAAACGTTCCCACAAAGCTACAC,60
NOEG_AMPL779350_DNase_only,rev,GTCTCGTGGGCTCGGAGATGTGTATAAGAGACAGTAATAAACCCATTTCAGTCTCTCTCTC,60
NOEG_AMPL779510_DNase_only,rev,GTCTCGTGGGCTCGGAGATGTGTATAAGAGACAGAATGGTTATGCAGGGCGGAG,60
NOEG_AMPL777600_H3K4,rev,GTCTCGTGGGCTCGGAGATGTGTATAAGAGACAGATGTTTCTGGCCACACCCCT,60
NOEG_AMPL777608_H3K4,rev,GTCTCGTGGGCTCGGAGATGTGTATAAGAGACAGTCTGTCGCTATCACTTTCTTGGG,60
NOEG_AMPL779606_H3K4,rev,GTCTCGTGGGCTCGGAGATGTGTATAAGAGACAGCGCCCAAGGAAAACTCAAAATCA,60
NOEG_AMPL779468_H3K4,rev,GTCTCGTGGGCTCGGAGATGTGTATAAGAGACAGTGTCTGGGTAGTAGGATCACTGT,60
NOEG_AMPL777616_H3K4,rev,GTCTCGTGGGCTCGGAGATGTGTATAAGAGACAGCAGTGCGCTAGAGTGGAGA,60
NOEG_AMPL779334_PLS,rev,GTCTCGTGGGCTCGGAGATGTGTATAAGAGACAGACTTACATAACCCAGGGCGG,60
NOEG_AMPL777281_PLS,rev,GTCTCGTGGGCTCGGAGATGTGTATAAGAGACAGATGCTTCCGGTTAGGCTACC,60
NOEG_AMPL779475_PLS,rev,GTCTCGTGGGCTCGGAGATGTGTATAAGAGACAGTACAGATCCCAGCAACAACTCG,60
NOEG_AMPL777310_PLS,rev,GTCTCGTGGGCTCGGAGATGTGTATAAGAGACAGTAGACTGGAGTCATGTGACCC,60
NOEG_AMPL779470_PLS,rev,GTCTCGTGGGCTCGGAGATGTGTATAAGAGACAGGGTGTGGCAAGTGTTAGTGATAAA,60
NOEG_AMPL777554_dELS,rev,GTCTCGTGGGCTCGGAGATGTGTATAAGAGACAGGAACGCACACACTAAGCTAGGA,60
NOEG_AMPL779283_dELS,rev,GTCTCGTGGGCTCGGAGATGTGTATAAGAGACAGAGGAACATTCAATATGGCATCTCC,60
NOEG_AMPL779588_dELS,rev,GTCTCGTGGGCTCGGAGATGTGTATAAGAGACAGAGACAGGGATTTGTTGTCGGAG,60
NOEG_AMPL777083_dELS,rev,GTCTCGTGGGCTCGGAGATGTGTATAAGAGACAGAAAATTCTGGGGTTTCTTCCGG,60
NOEG_AMPL779540_dELS,rev,GTCTCGTGGGCTCGGAGATGTGTATAAGAGACAGGGTGGCAATGTTGTAATGTGGT,60
NOEG_AMPL779453_low_DNase,rev,GTCTCGTGGGCTCGGAGATGTGTATAAGAGACAGCAAATGAGCTACCACCAGTCAC,60
NOEG_AMPL779649_low_DNase,rev,GTCTCGTGGGCTCGGAGATGTGTATAAGAGACAGAGTGAGAATCCAACATATCCCCAA,60
NOEG_AMPL779249_low_DNase,rev,GTCTCGTGGGCTCGGAGATGTGTATAAGAGACAGGAGTGAAAGAAACCTTCCTGCTG,60
NOEG_AMPL779213_low_DNase,rev,GTCTCGTGGGCTCGGAGATGTGTATAAGAGACAGCAAAATGGACCTCAGCCCTACA,60
NOEG_AMPL779246_low_DNase,rev,GTCTCGTGGGCTCGGAGATGTGTATAAGAGACAGTCTAGAAGGCAGGATCATCACAG,60
NOEG_AMPL777237_pELS,rev,GTCTCGTGGGCTCGGAGATGTGTATAAGAGACAGGGCTGATTACAACTAATGGTTCTGA,60
NOEG_AMPL777604_pELS,rev,GTCTCGTGGGCTCGGAGATGTGTATAAGAGACAGTCATTCCCTCCCAACCTTGTG,60
NOEG_AMPL777561_pELS,rev,GTCTCGTGGGCTCGGAGATGTGTATAAGAGACAGTAATGCCAGCCTCATTCATCGT,60
NOEG_AMPL777214_pELS,rev,GTCTCGTGGGCTCGGAGATGTGTATAAGAGACAGATATCAGCCTCAGTCCAAGCC,60
NOEG_AMPL779668_pELS,rev,GTCTCGTGGGCTCGGAGATGTGTATAAGAGACAGGAGACCCTGACTCAAAAATAAATACATATATAA,60
OEG_AMPL778425_DNase_only,rev,GTCTCGTGGGCTCGGAGATGTGTATAAGAGACAGACTGGCAACTCTACAAGGACTG,60
OEG_AMPL778749_DNase_only,rev,GTCTCGTGGGCTCGGAGATGTGTATAAGAGACAGTTGTCTCTAATGCTGGATCTGGC,60
OEG_AMPL778662_DNase_only,rev,GTCTCGTGGGCTCGGAGATGTGTATAAGAGACAGGTGAGAAGGAACACAGAACACC,60
OEG_AMPL778759_DNase_only,rev,GTCTCGTGGGCTCGGAGATGTGTATAAGAGACAGGTGTGACTGAGTTAGCAGGC,60
OEG_AMPL778626_DNase_only,rev,GTCTCGTGGGCTCGGAGATGTGTATAAGAGACAGGATTACTAGTTATCTTTCAAGGCACAGC,60
OEG_AMPL778643_H3K4,rev,GTCTCGTGGGCTCGGAGATGTGTATAAGAGACAGGAGGGAAAAGGACAACGGTC,60
OEG_AMPL778543_H3K4,rev,GTCTCGTGGGCTCGGAGATGTGTATAAGAGACAGTTTCAGAACCATAAGCAGTTAGTTGGG,60
OEG_AMPL778667_H3K4,rev,GTCTCGTGGGCTCGGAGATGTGTATAAGAGACAGAACCTGTTGGGACCTTGGTG,60
OEG_AMPL778599_H3K4,rev,GTCTCGTGGGCTCGGAGATGTGTATAAGAGACAGTTCCCAGACGCCTCTCAAGA,60
OEG_AMPL778497_H3K4,rev,GTCTCGTGGGCTCGGAGATGTGTATAAGAGACAGGTCTAGATTCCGCACTTCTTAAACT,60
OEG_AMPL778548_PLS,rev,GTCTCGTGGGCTCGGAGATGTGTATAAGAGACAGAAGTAGCAAGTCCCCTGCCA,60
OEG_AMPL778653_PLS,rev,GTCTCGTGGGCTCGGAGATGTGTATAAGAGACAGCGGCATCTTTAAGGTAGCTGC,60
OEG_AMPL778432_PLS,rev,GTCTCGTGGGCTCGGAGATGTGTATAAGAGACAGTCTCTTCGCCTGTCCCTTGT,60
OEG_AMPL778450_PLS,rev,GTCTCGTGGGCTCGGAGATGTGTATAAGAGACAGAAACCATTACTCTACTGTTAAGGTGG,60
OEG_AMPL778437_PLS,rev,GTCTCGTGGGCTCGGAGATGTGTATAAGAGACAGTTGCAGTCTTGTTGCCACTT,60
OEG_AMPL778673_dELS,rev,GTCTCGTGGGCTCGGAGATGTGTATAAGAGACAGCAAATCACCTCACACTCCTAGGA,60
OEG_AMPL778605_dELS,rev,GTCTCGTGGGCTCGGAGATGTGTATAAGAGACAGGTAGTTTAAGGATTTCCCCTGGG,60
OEG_AMPL778472_dELS,rev,GTCTCGTGGGCTCGGAGATGTGTATAAGAGACAGAACATGAGAGATGGCTGGGAG,60
OEG_AMPL778748_dELS,rev,GTCTCGTGGGCTCGGAGATGTGTATAAGAGACAGCCCTTTACTGTACAAGGTATGAGCA,60
OEG_AMPL778642_dELS,rev,GTCTCGTGGGCTCGGAGATGTGTATAAGAGACAGTTGGGGATTACCATTTGATGTGG,60
OEG_AMPL778564_low_DNase,rev,GTCTCGTGGGCTCGGAGATGTGTATAAGAGACAGGCTGTAATAAAGTACCATAAACAGGGC,60
OEG_AMPL778576_low_DNase,rev,GTCTCGTGGGCTCGGAGATGTGTATAAGAGACAGCCCTCAAACACTTGCTTAGATGAA,60
OEG_AMPL778490_low_DNase,rev,GTCTCGTGGGCTCGGAGATGTGTATAAGAGACAGGATTGAATTTCCAGGCTAACCCAT,60
OEG_AMPL778465_low_DNase,rev,GTCTCGTGGGCTCGGAGATGTGTATAAGAGACAGGGTCCAAATCACCATCTCTTATCTG,60
OEG_AMPL778601_low_DNase,rev,GTCTCGTGGGCTCGGAGATGTGTATAAGAGACAGCCATCCACAGCTTGCTTTTAATTG,60
OEG_AMPL778463_pELS,rev,GTCTCGTGGGCTCGGAGATGTGTATAAGAGACAGTTCCATTTTCCTTTTGGGCGG,60
OEG_AMPL778531_pELS,rev,GTCTCGTGGGCTCGGAGATGTGTATAAGAGACAGCAAACCAAATCAAAAGGAAATGAAATTCC,60
OEG_AMPL778507_pELS,rev,GTCTCGTGGGCTCGGAGATGTGTATAAGAGACAGTTGGGCAGGAGATTGAAATCG,60
OEG_AMPL778729_pELS,rev,GTCTCGTGGGCTCGGAGATGTGTATAAGAGACAGGATCCTACTGCGTTTCCACTTC,60
OEG_AMPL778755_pELS,rev,GTCTCGTGGGCTCGGAGATGTGTATAAGAGACAGTTCTCTGTTGATTTCTCAGCCTCG,60
NOEG_AMPL779519_DNase_only,for,GTACTCGCAGTAGTCTTCATCACTCACAGGCAGGATT,120
NOEG_AMPL779365_DNase_only,for,GTACTCGCAGTAGTCCGTGATTCCAACTACCTGCTTAAG,120
NOEG_AMPL777308_DNase_only,for,GTACTCGCAGTAGTCACCTTCCTCCACTTTGGCTCTG,120
NOEG_AMPL779350_DNase_only,for,GTACTCGCAGTAGTCCCTTTAGCCTGCTGATCTAGGTT,120
NOEG_AMPL779510_DNase_only,for,GTACTCGCAGTAGTCCATTGTCTTTATTTATTTATTCGGGCTGTTA,120
NOEG_AMPL779458_DNase_only,for,GTACTCGCAGTAGTCATTCCCGTTGCCTCCCTTAC,120
NOEG_AMPL777430_DNase_only,for,GTACTCGCAGTAGTCGGAAATGCGGCTAGAGAACTGG,120
NOEG_AMPL779615_DNase_only,for,GTACTCGCAGTAGTCAGTAATATAACATTAGCTGTCCACCTC,120
NOEG_AMPL779358_DNase_only,for,GTACTCGCAGTAGTCGCCTTTCTGTGATAAGACCCAG,120
NOEG_AMPL777100_DNase_only,for,GTACTCGCAGTAGTCTCTGCCCAGATTGTCTTAATGAC,120
NOEG_AMPL777600_H3K4,for,GTACTCGCAGTAGTCTGGAAGTACACGGGTGCGAT,120
NOEG_AMPL777608_H3K4,for,GTACTCGCAGTAGTCATTTTCACCACAGGGAACTTGGA,120
NOEG_AMPL779606_H3K4,for,GTACTCGCAGTAGTCGCATATTAGTGTGATGACGGAGG,120
NOEG_AMPL779468_H3K4,for,GTACTCGCAGTAGTCCCTGGGAAGTCACTGAAAACAG,120
NOEG_AMPL777616_H3K4,for,GTACTCGCAGTAGTCGGACTGCATCATAGGGATGTTCA,120
NOEG_AMPL779576_H3K4,for,GTACTCGCAGTAGTCCTCGCACATTGTAGGGACTGT,120
NOEG_AMPL779695_H3K4,for,GTACTCGCAGTAGTCTATTCATTACTCCCTGGCCGG,120
NOEG_AMPL779270_H3K4,for,GTACTCGCAGTAGTCGGAAAGGAAGGAAGAAATAAACGCA,120
NOEG_AMPL777061_H3K4,for,GTACTCGCAGTAGTCGCAGAATACTCCCGAGTGCT,120
NOEG_AMPL777375_H3K4,for,GTACTCGCAGTAGTCGGGAACACTTAATTCAGCAAACCA,120
NOEG_AMPL779334_PLS,for,GTACTCGCAGTAGTCGCGGGTCTGCATTTTCACAG,120
NOEG_AMPL777281_PLS,for,GTACTCGCAGTAGTCGACTCCAATTCCTGATGTGCAAA,120
NOEG_AMPL779475_PLS,for,GTACTCGCAGTAGTCTGCATTCTTTTCTGATGTTTCCCC,120
NOEG_AMPL777310_PLS,for,GTACTCGCAGTAGTCTGAGGGATCAATGCACTTCCG,120
NOEG_AMPL779470_PLS,for,GTACTCGCAGTAGTCCAAGGGTTTCCAATCCATACTACAC,120
NOEG_AMPL777599_PLS,for,GTACTCGCAGTAGTCTATATATTTGGGTAGGAAGCACAAGTAGGG,120
NOEG_AMPL779480_PLS,for,GTACTCGCAGTAGTCCGAATTTTACACTTCTTCGCAGC,120
NOEG_AMPL779134_PLS,for,GTACTCGCAGTAGTCAAGAAAGGCGAGCTGAACCG,120
NOEG_AMPL777118_PLS,for,GTACTCGCAGTAGTCATACTCAATACCCACTTTCCTCCA,120
NOEG_AMPL779411_PLS,for,GTACTCGCAGTAGTCTGCAGCTCTCATACCTCGGT,120
NOEG_AMPL777554_dELS,for,GTACTCGCAGTAGTCGTAGCCAACTATAAACCATGCCC,120
NOEG_AMPL779283_dELS,for,GTACTCGCAGTAGTCAAAGAGGGTCTCCGGTTTGC,120
NOEG_AMPL779588_dELS,for,GTACTCGCAGTAGTCGCTTCTTGCTAAGGCTTATAAATTTACGA,120
NOEG_AMPL777083_dELS,for,GTACTCGCAGTAGTCCACCAGCGGACACAAGTATGA,120
NOEG_AMPL779540_dELS,for,GTACTCGCAGTAGTCCGGCAAGTGATTTATCCCTGTAC,120
NOEG_AMPL777369_dELS,for,GTACTCGCAGTAGTCTTAAACCCAGTGATTGCCCCA,120
NOEG_AMPL779199_dELS,for,GTACTCGCAGTAGTCGCGGAGAATGTCTAAAAGAAGCTC,120
NOEG_AMPL779407_dELS,for,GTACTCGCAGTAGTCCCTTCTTCTAGCAAGGGATTTCTCA,120
NOEG_AMPL779123_dELS,for,GTACTCGCAGTAGTCCTGGATCTAGGGAAAAGAGTCTGA,120
NOEG_AMPL779222_dELS,for,GTACTCGCAGTAGTCCCAGGACTGTGAAAGAGCTGTAA,120
NOEG_AMPL779453_low_DNase,for,GTACTCGCAGTAGTCCGTGTTTTCTCCATGTTGAACCA,120
NOEG_AMPL779649_low_DNase,for,GTACTCGCAGTAGTCGAGCACTTTGCAGAGGGACA,120
NOEG_AMPL779249_low_DNase,for,GTACTCGCAGTAGTCGAAACTCAAGGAAATCAGGCATCC,120
NOEG_AMPL779213_low_DNase,for,GTACTCGCAGTAGTCCAGCTCTGTCACTTAACAGGTGT,120
NOEG_AMPL779246_low_DNase,for,GTACTCGCAGTAGTCTTGGTACTAGGGAAACAGACTCTT,120
NOEG_AMPL779362_low_DNase,for,GTACTCGCAGTAGTCATTTTAATTGTCTCCGCCTGGTC,120
NOEG_AMPL779233_low_DNase,for,GTACTCGCAGTAGTCTGGGTTGAGGAAGTGATGACTC,120
NOEG_AMPL779712_low_DNase,for,GTACTCGCAGTAGTCACACTTTTCATGTCAATACTAAGAAAGAGG,120
NOEG_AMPL779234_low_DNase,for,GTACTCGCAGTAGTCGGCCTATTAGAAACTGTTACCTCAA,120
NOEG_AMPL779277_low_DNase,for,GTACTCGCAGTAGTCATTAGCCAGATTTGACTCTAGCCA,120
NOEG_AMPL777237_pELS,for,GTACTCGCAGTAGTCGGGTTACTTTCTGTTTAAGCAAGGA,120
NOEG_AMPL777604_pELS,for,GTACTCGCAGTAGTCACGTTCTGACCACTGTCCTG,120
NOEG_AMPL777561_pELS,for,GTACTCGCAGTAGTCTTTCCTACCTCCAACCAGTAAACA,120
NOEG_AMPL777214_pELS,for,GTACTCGCAGTAGTCAGAGAAACTTAATTGCTGTTTGTTCC,120
NOEG_AMPL779668_pELS,for,GTACTCGCAGTAGTCGAAGGCCTGAGAGGACATAGTC,120
NOEG_AMPL779241_pELS,for,GTACTCGCAGTAGTCCTTGCCGGTCATTGTAGTCC,120
NOEG_AMPL777322_pELS,for,GTACTCGCAGTAGTCCTTTGGGATGTTATCTTTCTCGGG,120
NOEG_AMPL779634_pELS,for,GTACTCGCAGTAGTCACAGTATCTCGAAAAGGCCAAAG,120
NOEG_AMPL777312_pELS,for,GTACTCGCAGTAGTCTTCCAGCGTTACTGAGCAGG,120
NOEG_AMPL777596_pELS,for,GTACTCGCAGTAGTCACAACAGGCCGAATGTGTGC,120
OEG_AMPL778425_DNase_only,for,GTACTCGCAGTAGTCGGTCTGAATTTTCTTGGAACCTCC,120
OEG_AMPL778749_DNase_only,for,GTACTCGCAGTAGTCAGAGGCCCTCGGAAAATAGAGA,120
OEG_AMPL778662_DNase_only,for,GTACTCGCAGTAGTCTTCCTCCAACTATTGTCAAAGAAGG,120
OEG_AMPL778759_DNase_only,for,GTACTCGCAGTAGTCGATTGATTGAGGAGACTGGCC,120
OEG_AMPL778626_DNase_only,for,GTACTCGCAGTAGTCCTTGTGAGATATGTACACAGAATACAGAG,120
OEG_AMPL778634_DNase_only,for,GTACTCGCAGTAGTCAGGTGCTAAGTATTCCAAAGGACTAG,120
OEG_AMPL778553_DNase_only,for,GTACTCGCAGTAGTCCCTACCAGCTGTCATTGAGAGAG,120
OEG_AMPL778655_DNase_only,for,GTACTCGCAGTAGTCATTATTACCACAAGAGCCTTCTGATGA,120
OEG_AMPL778485_DNase_only,for,GTACTCGCAGTAGTCTGCAGTTGTCACTCAATAAATATTTGC,120
OEG_AMPL778582_DNase_only,for,GTACTCGCAGTAGTCCTTCCACACGTTCTCTGTCTTCT,120
OEG_AMPL778643_H3K4,for,GTACTCGCAGTAGTCTTAAGGATTTGACTGCGATTGAGAA,120
OEG_AMPL778543_H3K4,for,GTACTCGCAGTAGTCTGCTAAAAGCAGGCGACGG,120
OEG_AMPL778667_H3K4,for,GTACTCGCAGTAGTCAGCGAGAAATTTGACATCCCTGT,120
OEG_AMPL778599_H3K4,for,GTACTCGCAGTAGTCTGTCTGGCGCAAAGGTTTGG,120
OEG_AMPL778497_H3K4,for,GTACTCGCAGTAGTCTAAAATTTAGAGTCCTATCCCAGCAAC,120
OEG_AMPL778552_H3K4,for,GTACTCGCAGTAGTCAGCCGCCATCTGATTGGAATTA,120
OEG_AMPL778676_H3K4,for,GTACTCGCAGTAGTCTTTTAGAGTTGAAGAGTCATAGCCAC,120
OEG_AMPL778709_H3K4,for,GTACTCGCAGTAGTCGGAAGAGAAAGAATGGGACTAGAATC,120
OEG_AMPL778594_H3K4,for,GTACTCGCAGTAGTCCTTTACCCTGACCAGCCGAA,120
OEG_AMPL778435_H3K4,for,GTACTCGCAGTAGTCCCTCATTTCCCATTGTTCTTTGCTTT,120
OEG_AMPL778548_PLS,for,GTACTCGCAGTAGTCCCAAGCTCTCCGAGTAGAAAAC,120
OEG_AMPL778653_PLS,for,GTACTCGCAGTAGTCGTTATAACTGAACAACCCGAGCCC,120
OEG_AMPL778432_PLS,for,GTACTCGCAGTAGTCGAAAAGAGGTTCTAAAAGAAGGGAGG,120
OEG_AMPL778450_PLS,for,GTACTCGCAGTAGTCTTGAATACCGCCACCCACATC,120
OEG_AMPL778437_PLS,for,GTACTCGCAGTAGTCTAGTAACGCAGATAAAAGTCACTCTC,120
OEG_AMPL778710_PLS,for,GTACTCGCAGTAGTCCCACCATTCTCTAGAGGAGCCTC,120
OEG_AMPL778631_PLS,for,GTACTCGCAGTAGTCATCGCTACTGCTGTTACTACTTTCC,120
OEG_AMPL778581_PLS,for,GTACTCGCAGTAGTCCTTGCAGGAAACTACAACTCCC,120
OEG_AMPL778516_PLS,for,GTACTCGCAGTAGTCAAAGAATCCCTAACGCAGAGGAA,120
OEG_AMPL778718_PLS,for,GTACTCGCAGTAGTCTTGATGAGACCATTGCCGCG,120
OEG_AMPL778673_dELS,for,GTACTCGCAGTAGTCTTTCTCTGGTTTCACTTTCAGTTTCTT,120
OEG_AMPL778605_dELS,for,GTACTCGCAGTAGTCAACAAAATCTAATTTTCAGGCCCTTC,120
OEG_AMPL778472_dELS,for,GTACTCGCAGTAGTCGGTTTTCCGCTTTGCCAGCT,120
OEG_AMPL778748_dELS,for,GTACTCGCAGTAGTCCAGGAACTCTCCACCAGCTT,120
OEG_AMPL778642_dELS,for,GTACTCGCAGTAGTCTTGCCCCATTAAAAGGAAAGGG,120
OEG_AMPL778546_dELS,for,GTACTCGCAGTAGTCAGGATGTTAATCAGGGGAGTGG,120
OEG_AMPL778573_dELS,for,GTACTCGCAGTAGTCCACTTTGTTGTCCAGGCTTAAAAC,120
OEG_AMPL778600_dELS,for,GTACTCGCAGTAGTCGTGATTGGGTAAATGAGGGTATAGGT,120
OEG_AMPL778663_dELS,for,GTACTCGCAGTAGTCAACCTCAAACAACGGTAGCTC,120
OEG_AMPL778533_dELS,for,GTACTCGCAGTAGTCGACTTAAGTAAGGCTTCTCATTGCAG,120
OEG_AMPL778564_low_DNase,for,GTACTCGCAGTAGTCCAGTAGAGTGTGTCCTAACTTAACATG,120
OEG_AMPL778576_low_DNase,for,GTACTCGCAGTAGTCGAAACAATAGCTGACCCATCTTGA,120
OEG_AMPL778490_low_DNase,for,GTACTCGCAGTAGTCTGCCCTTTTATCAGTGGTTTAGTG,120
OEG_AMPL778465_low_DNase,for,GTACTCGCAGTAGTCTCATCGAATGACTGGCTTTTACTC,120
OEG_AMPL778601_low_DNase,for,GTACTCGCAGTAGTCGTGTGGCGTGTACATTTGTGTA,120
OEG_AMPL778431_low_DNase,for,GTACTCGCAGTAGTCCCGGCTTAAATTGTGATTTTAATGTTTGA,120
OEG_AMPL778537_low_DNase,for,GTACTCGCAGTAGTCGTTCACAAAAGAGAACTTGAAAGTACC,120
OEG_AMPL778756_low_DNase,for,GTACTCGCAGTAGTCAAGCTTCTGTGAAGTCATAAAACCC,120
OEG_AMPL778544_low_DNase,for,GTACTCGCAGTAGTCCCTTTTGCGGGTTGCTGGTA,120
OEG_AMPL778620_low_DNase,for,GTACTCGCAGTAGTCCTTGACCCAATAAGCCTGAAATTCT,120
OEG_AMPL778463_pELS,for,GTACTCGCAGTAGTCAGTTGGATAGCGTTTGCCAAGTA,120
OEG_AMPL778531_pELS,for,GTACTCGCAGTAGTCATAGAGGGGCTGTGTCATAGAC,120
OEG_AMPL778507_pELS,for,GTACTCGCAGTAGTCCACACCCTTCTTCCTAGAATGTTTT,120
OEG_AMPL778729_pELS,for,GTACTCGCAGTAGTCCGGGAGAAATTAGACTAACAGCCT,120
OEG_AMPL778755_pELS,for,GTACTCGCAGTAGTCCAACTCCGCCTGTACTGAAATACA,120
OEG_AMPL778726_pELS,for,GTACTCGCAGTAGTCCAGTACCTTTCTATTTCTTTCCAGATCCTC,120
OEG_AMPL778746_pELS,for,GTACTCGCAGTAGTCTTATTGGTCGCGCTCGCAT,120
OEG_AMPL778470_pELS,for,GTACTCGCAGTAGTCTGAAATCTGACCCAACTGACTCT,120
OEG_AMPL778474_pELS,for,GTACTCGCAGTAGTCTAACGGTGAAGATCATTAAGGCAC,120
OEG_AMPL778625_pELS,for,GTACTCGCAGTAGTCAATATGTTCAAGAGAATGGCCGAA,120
NOEG_AMPL779519_DNase_only,rev,GTCTCGTGGGCTCGGAGATGTGTATAAGAGACAGCAATGACAGAGGAATAACATACACCG,120
NOEG_AMPL779365_DNase_only,rev,GTCTCGTGGGCTCGGAGATGTGTATAAGAGACAGTCTCTATTATATCAAATGTGGGGCAC,120
NOEG_AMPL777308_DNase_only,rev,GTCTCGTGGGCTCGGAGATGTGTATAAGAGACAGAAATAAACGTTCCCACAAAGCTACAC,120
NOEG_AMPL779350_DNase_only,rev,GTCTCGTGGGCTCGGAGATGTGTATAAGAGACAGTAATAAACCCATTTCAGTCTCTCTCTC,120
NOEG_AMPL779510_DNase_only,rev,GTCTCGTGGGCTCGGAGATGTGTATAAGAGACAGAATGGTTATGCAGGGCGGAG,120
NOEG_AMPL779458_DNase_only,rev,GTCTCGTGGGCTCGGAGATGTGTATAAGAGACAGAATGGGCTGCATTCCTTCGG,120
NOEG_AMPL777430_DNase_only,rev,GTCTCGTGGGCTCGGAGATGTGTATAAGAGACAGCAGCTCATGTCCTTCCTCTGAC,120
NOEG_AMPL779615_DNase_only,rev,GTCTCGTGGGCTCGGAGATGTGTATAAGAGACAGTAACGTTTGAACTCGTCCTCTGG,120
NOEG_AMPL779358_DNase_only,rev,GTCTCGTGGGCTCGGAGATGTGTATAAGAGACAGCTGCTTTCTCCAGAAACTGTCA,120
NOEG_AMPL777100_DNase_only,rev,GTCTCGTGGGCTCGGAGATGTGTATAAGAGACAGAGGAGGGTGTTTTCTTCAAGTTG,120
NOEG_AMPL777600_H3K4,rev,GTCTCGTGGGCTCGGAGATGTGTATAAGAGACAGATGTTTCTGGCCACACCCCT,120
NOEG_AMPL777608_H3K4,rev,GTCTCGTGGGCTCGGAGATGTGTATAAGAGACAGTCTGTCGCTATCACTTTCTTGGG,120
NOEG_AMPL779606_H3K4,rev,GTCTCGTGGGCTCGGAGATGTGTATAAGAGACAGCGCCCAAGGAAAACTCAAAATCA,120
NOEG_AMPL779468_H3K4,rev,GTCTCGTGGGCTCGGAGATGTGTATAAGAGACAGTGTCTGGGTAGTAGGATCACTGT,120
NOEG_AMPL777616_H3K4,rev,GTCTCGTGGGCTCGGAGATGTGTATAAGAGACAGCAGTGCGCTAGAGTGGAGA,120
NOEG_AMPL779576_H3K4,rev,GTCTCGTGGGCTCGGAGATGTGTATAAGAGACAGGTCAAGAAAATGTACTGCCTTGC,120
NOEG_AMPL779695_H3K4,rev,GTCTCGTGGGCTCGGAGATGTGTATAAGAGACAGAAAATCAGCTAAATCTTAGAGATATTCCTCTC,120
NOEG_AMPL779270_H3K4,rev,GTCTCGTGGGCTCGGAGATGTGTATAAGAGACAGTCCCCGAATCCGATGCTTCT,120
NOEG_AMPL777061_H3K4,rev,GTCTCGTGGGCTCGGAGATGTGTATAAGAGACAGCAGCTTGTACCTAAAAGATGCTGCC,120
NOEG_AMPL777375_H3K4,rev,GTCTCGTGGGCTCGGAGATGTGTATAAGAGACAGAACGCAGGGGATAGAGACTAG,120
NOEG_AMPL779334_PLS,rev,GTCTCGTGGGCTCGGAGATGTGTATAAGAGACAGACTTACATAACCCAGGGCGG,120
NOEG_AMPL777281_PLS,rev,GTCTCGTGGGCTCGGAGATGTGTATAAGAGACAGATGCTTCCGGTTAGGCTACC,120
NOEG_AMPL779475_PLS,rev,GTCTCGTGGGCTCGGAGATGTGTATAAGAGACAGTACAGATCCCAGCAACAACTCG,120
NOEG_AMPL777310_PLS,rev,GTCTCGTGGGCTCGGAGATGTGTATAAGAGACAGTAGACTGGAGTCATGTGACCC,120
NOEG_AMPL779470_PLS,rev,GTCTCGTGGGCTCGGAGATGTGTATAAGAGACAGGGTGTGGCAAGTGTTAGTGATAAA,120
NOEG_AMPL777599_PLS,rev,GTCTCGTGGGCTCGGAGATGTGTATAAGAGACAGACACTTCCACAGCCGACTTC,120
NOEG_AMPL779480_PLS,rev,GTCTCGTGGGCTCGGAGATGTGTATAAGAGACAGTTTTCCTGTTTGACGCTCCCC,120
NOEG_AMPL779134_PLS,rev,GTCTCGTGGGCTCGGAGATGTGTATAAGAGACAGATAAGTGCACCTTGTACAGAGTGG,120
NOEG_AMPL777118_PLS,rev,GTCTCGTGGGCTCGGAGATGTGTATAAGAGACAGAGAATGGAATGTGTTCTGCAACTG,120
NOEG_AMPL779411_PLS,rev,GTCTCGTGGGCTCGGAGATGTGTATAAGAGACAGAAGCGGTAACTGGATTAGGAGGG,120
NOEG_AMPL777554_dELS,rev,GTCTCGTGGGCTCGGAGATGTGTATAAGAGACAGGAACGCACACACTAAGCTAGGA,120
NOEG_AMPL779283_dELS,rev,GTCTCGTGGGCTCGGAGATGTGTATAAGAGACAGAGGAACATTCAATATGGCATCTCC,120
NOEG_AMPL779588_dELS,rev,GTCTCGTGGGCTCGGAGATGTGTATAAGAGACAGAGACAGGGATTTGTTGTCGGAG,120
NOEG_AMPL777083_dELS,rev,GTCTCGTGGGCTCGGAGATGTGTATAAGAGACAGAAAATTCTGGGGTTTCTTCCGG,120
NOEG_AMPL779540_dELS,rev,GTCTCGTGGGCTCGGAGATGTGTATAAGAGACAGGGTGGCAATGTTGTAATGTGGT,120
NOEG_AMPL777369_dELS,rev,GTCTCGTGGGCTCGGAGATGTGTATAAGAGACAGGCCCTCTGTAGTTCATTCACCT,120
NOEG_AMPL779199_dELS,rev,GTCTCGTGGGCTCGGAGATGTGTATAAGAGACAGCAATTCCATAGTCCCTTGTTTTGGA,120
NOEG_AMPL779407_dELS,rev,GTCTCGTGGGCTCGGAGATGTGTATAAGAGACAGGGTATATGCAGTCACATTCCAAGTG,120
NOEG_AMPL779123_dELS,rev,GTCTCGTGGGCTCGGAGATGTGTATAAGAGACAGGGTTATGGCAGCATACACACAC,120
NOEG_AMPL779222_dELS,rev,GTCTCGTGGGCTCGGAGATGTGTATAAGAGACAGGAAGGAATTTTGGAGATCTTTAAGGC,120
NOEG_AMPL779453_low_DNase,rev,GTCTCGTGGGCTCGGAGATGTGTATAAGAGACAGCAAATGAGCTACCACCAGTCAC,120
NOEG_AMPL779649_low_DNase,rev,GTCTCGTGGGCTCGGAGATGTGTATAAGAGACAGAGTGAGAATCCAACATATCCCCAA,120
NOEG_AMPL779249_low_DNase,rev,GTCTCGTGGGCTCGGAGATGTGTATAAGAGACAGGAGTGAAAGAAACCTTCCTGCTG,120
NOEG_AMPL779213_low_DNase,rev,GTCTCGTGGGCTCGGAGATGTGTATAAGAGACAGCAAAATGGACCTCAGCCCTACA,120
NOEG_AMPL779246_low_DNase,rev,GTCTCGTGGGCTCGGAGATGTGTATAAGAGACAGTCTAGAAGGCAGGATCATCACAG,120
NOEG_AMPL779362_low_DNase,rev,GTCTCGTGGGCTCGGAGATGTGTATAAGAGACAGCACCTTGATTTCTTCAGTTCTAGCC,120
NOEG_AMPL779233_low_DNase,rev,GTCTCGTGGGCTCGGAGATGTGTATAAGAGACAGGCTGAATAGTAGACCTTAATACACCAG,120
NOEG_AMPL779712_low_DNase,rev,GTCTCGTGGGCTCGGAGATGTGTATAAGAGACAGCGCATACCTACTTGTTAGTGTCAT,120
NOEG_AMPL779234_low_DNase,rev,GTCTCGTGGGCTCGGAGATGTGTATAAGAGACAGTCCTCCAACTCAAAGAAAGCAAAAC,120
NOEG_AMPL779277_low_DNase,rev,GTCTCGTGGGCTCGGAGATGTGTATAAGAGACAGATTTTGTGGTGGTCCCCAAGAT,120
NOEG_AMPL777237_pELS,rev,GTCTCGTGGGCTCGGAGATGTGTATAAGAGACAGGGCTGATTACAACTAATGGTTCTGA,120
NOEG_AMPL777604_pELS,rev,GTCTCGTGGGCTCGGAGATGTGTATAAGAGACAGTCATTCCCTCCCAACCTTGTG,120
NOEG_AMPL777561_pELS,rev,GTCTCGTGGGCTCGGAGATGTGTATAAGAGACAGTAATGCCAGCCTCATTCATCGT,120
NOEG_AMPL777214_pELS,rev,GTCTCGTGGGCTCGGAGATGTGTATAAGAGACAGATATCAGCCTCAGTCCAAGCC,120
NOEG_AMPL779668_pELS,rev,GTCTCGTGGGCTCGGAGATGTGTATAAGAGACAGGAGACCCTGACTCAAAAATAAATACATATATAA,120
NOEG_AMPL779241_pELS,rev,GTCTCGTGGGCTCGGAGATGTGTATAAGAGACAGGCCTAAGGAAGCTAAAGCAGTC,120
NOEG_AMPL777322_pELS,rev,GTCTCGTGGGCTCGGAGATGTGTATAAGAGACAGACAGTCTTGGGGCTCAATCC,120
NOEG_AMPL779634_pELS,rev,GTCTCGTGGGCTCGGAGATGTGTATAAGAGACAGGTGAGTAATTCTTCTGGGAGTTGTATT,120
NOEG_AMPL777312_pELS,rev,GTCTCGTGGGCTCGGAGATGTGTATAAGAGACAGTCATTCAACCAATCCTAACAGAGCG,120
NOEG_AMPL777596_pELS,rev,GTCTCGTGGGCTCGGAGATGTGTATAAGAGACAGGCTCACACCCTCATAGTATCGG,120
OEG_AMPL778425_DNase_only,rev,GTCTCGTGGGCTCGGAGATGTGTATAAGAGACAGACTGGCAACTCTACAAGGACTG,120
OEG_AMPL778749_DNase_only,rev,GTCTCGTGGGCTCGGAGATGTGTATAAGAGACAGTTGTCTCTAATGCTGGATCTGGC,120
OEG_AMPL778662_DNase_only,rev,GTCTCGTGGGCTCGGAGATGTGTATAAGAGACAGGTGAGAAGGAACACAGAACACC,120
OEG_AMPL778759_DNase_only,rev,GTCTCGTGGGCTCGGAGATGTGTATAAGAGACAGGTGTGACTGAGTTAGCAGGC,120
OEG_AMPL778626_DNase_only,rev,GTCTCGTGGGCTCGGAGATGTGTATAAGAGACAGGATTACTAGTTATCTTTCAAGGCACAGC,120
OEG_AMPL778634_DNase_only,rev,GTCTCGTGGGCTCGGAGATGTGTATAAGAGACAGCTAAAGAACTCTGGCTCACACAAT,120
OEG_AMPL778553_DNase_only,rev,GTCTCGTGGGCTCGGAGATGTGTATAAGAGACAGTCATTTTGCCTTCTGGTTGCCA,120
OEG_AMPL778655_DNase_only,rev,GTCTCGTGGGCTCGGAGATGTGTATAAGAGACAGTAGACAACAATGGAAGCTGGCT,120
OEG_AMPL778485_DNase_only,rev,GTCTCGTGGGCTCGGAGATGTGTATAAGAGACAGGCCTATAATTCTGTCTCCTGCGT,120
OEG_AMPL778582_DNase_only,rev,GTCTCGTGGGCTCGGAGATGTGTATAAGAGACAGTCTCTGGAAACCTCCCTTCAAC,120
OEG_AMPL778643_H3K4,rev,GTCTCGTGGGCTCGGAGATGTGTATAAGAGACAGGAGGGAAAAGGACAACGGTC,120
OEG_AMPL778543_H3K4,rev,GTCTCGTGGGCTCGGAGATGTGTATAAGAGACAGTTTCAGAACCATAAGCAGTTAGTTGGG,120
OEG_AMPL778667_H3K4,rev,GTCTCGTGGGCTCGGAGATGTGTATAAGAGACAGAACCTGTTGGGACCTTGGTG,120
OEG_AMPL778599_H3K4,rev,GTCTCGTGGGCTCGGAGATGTGTATAAGAGACAGTTCCCAGACGCCTCTCAAGA,120
OEG_AMPL778497_H3K4,rev,GTCTCGTGGGCTCGGAGATGTGTATAAGAGACAGGTCTAGATTCCGCACTTCTTAAACT,120
OEG_AMPL778552_H3K4,rev,GTCTCGTGGGCTCGGAGATGTGTATAAGAGACAGTATCAGGGTAGTGTAGATTACTGCTC,120
OEG_AMPL778676_H3K4,rev,GTCTCGTGGGCTCGGAGATGTGTATAAGAGACAGTTTGTCTGACGTGTGGGATGTG,120
OEG_AMPL778709_H3K4,rev,GTCTCGTGGGCTCGGAGATGTGTATAAGAGACAGGCAACTATCACTGCAACATTATCTC,120
OEG_AMPL778594_H3K4,rev,GTCTCGTGGGCTCGGAGATGTGTATAAGAGACAGTCCTTCCCTCGCAGCAAGAA,120
OEG_AMPL778435_H3K4,rev,GTCTCGTGGGCTCGGAGATGTGTATAAGAGACAGAGAAAGCTGCAAAGGGCTCTT,120
OEG_AMPL778548_PLS,rev,GTCTCGTGGGCTCGGAGATGTGTATAAGAGACAGAAGTAGCAAGTCCCCTGCCA,120
OEG_AMPL778653_PLS,rev,GTCTCGTGGGCTCGGAGATGTGTATAAGAGACAGCGGCATCTTTAAGGTAGCTGC,120
OEG_AMPL778432_PLS,rev,GTCTCGTGGGCTCGGAGATGTGTATAAGAGACAGTCTCTTCGCCTGTCCCTTGT,120
OEG_AMPL778450_PLS,rev,GTCTCGTGGGCTCGGAGATGTGTATAAGAGACAGAAACCATTACTCTACTGTTAAGGTGG,120
OEG_AMPL778437_PLS,rev,GTCTCGTGGGCTCGGAGATGTGTATAAGAGACAGTTGCAGTCTTGTTGCCACTT,120
OEG_AMPL778710_PLS,rev,GTCTCGTGGGCTCGGAGATGTGTATAAGAGACAGTCTAGTTTATATAGGACCTGAGGCTC,120
OEG_AMPL778631_PLS,rev,GTCTCGTGGGCTCGGAGATGTGTATAAGAGACAGCCAACCCAGTACAGTTCATGG,120
OEG_AMPL778581_PLS,rev,GTCTCGTGGGCTCGGAGATGTGTATAAGAGACAGAGCTTGGGTTTTAATATCTGAATGTGG,120
OEG_AMPL778516_PLS,rev,GTCTCGTGGGCTCGGAGATGTGTATAAGAGACAGTGTGTCGCATTGAAGCTCCG,120
OEG_AMPL778718_PLS,rev,GTCTCGTGGGCTCGGAGATGTGTATAAGAGACAGTTGTCTAGTCCACGCTCGGA,120
OEG_AMPL778673_dELS,rev,GTCTCGTGGGCTCGGAGATGTGTATAAGAGACAGCAAATCACCTCACACTCCTAGGA,120
OEG_AMPL778605_dELS,rev,GTCTCGTGGGCTCGGAGATGTGTATAAGAGACAGGTAGTTTAAGGATTTCCCCTGGG,120
OEG_AMPL778472_dELS,rev,GTCTCGTGGGCTCGGAGATGTGTATAAGAGACAGAACATGAGAGATGGCTGGGAG,120
OEG_AMPL778748_dELS,rev,GTCTCGTGGGCTCGGAGATGTGTATAAGAGACAGCCCTTTACTGTACAAGGTATGAGCA,120
OEG_AMPL778642_dELS,rev,GTCTCGTGGGCTCGGAGATGTGTATAAGAGACAGTTGGGGATTACCATTTGATGTGG,120
OEG_AMPL778546_dELS,rev,GTCTCGTGGGCTCGGAGATGTGTATAAGAGACAGGACTCTTTTCCATGCCGTTGC,120
OEG_AMPL778573_dELS,rev,GTCTCGTGGGCTCGGAGATGTGTATAAGAGACAGCTCTGCTACATTACCTAGAACATTCC,120
OEG_AMPL778600_dELS,rev,GTCTCGTGGGCTCGGAGATGTGTATAAGAGACAGTTGCTGTCCTAAAGCCACATG,120
OEG_AMPL778663_dELS,rev,GTCTCGTGGGCTCGGAGATGTGTATAAGAGACAGCGATGCAAGCAAGTTTCAAATGAAG,120
OEG_AMPL778533_dELS,rev,GTCTCGTGGGCTCGGAGATGTGTATAAGAGACAGATGCACGCATACAATTAGGCT,120
OEG_AMPL778564_low_DNase,rev,GTCTCGTGGGCTCGGAGATGTGTATAAGAGACAGGCTGTAATAAAGTACCATAAACAGGGC,120
OEG_AMPL778576_low_DNase,rev,GTCTCGTGGGCTCGGAGATGTGTATAAGAGACAGCCCTCAAACACTTGCTTAGATGAA,120
OEG_AMPL778490_low_DNase,rev,GTCTCGTGGGCTCGGAGATGTGTATAAGAGACAGGATTGAATTTCCAGGCTAACCCAT,120
OEG_AMPL778465_low_DNase,rev,GTCTCGTGGGCTCGGAGATGTGTATAAGAGACAGGGTCCAAATCACCATCTCTTATCTG,120
OEG_AMPL778601_low_DNase,rev,GTCTCGTGGGCTCGGAGATGTGTATAAGAGACAGCCATCCACAGCTTGCTTTTAATTG,120
OEG_AMPL778431_low_DNase,rev,GTCTCGTGGGCTCGGAGATGTGTATAAGAGACAGACAGAACAGTGTATACAGAATAGTACTTTT,120
OEG_AMPL778537_low_DNase,rev,GTCTCGTGGGCTCGGAGATGTGTATAAGAGACAGACTGTACCATCTAGCATAATCCCC,120
OEG_AMPL778756_low_DNase,rev,GTCTCGTGGGCTCGGAGATGTGTATAAGAGACAGTCTTTTCGTGATATAGACCAGGGG,120
OEG_AMPL778544_low_DNase,rev,GTCTCGTGGGCTCGGAGATGTGTATAAGAGACAGCGAAGTTTCCTGACCATGTTGGC,120
OEG_AMPL778620_low_DNase,rev,GTCTCGTGGGCTCGGAGATGTGTATAAGAGACAGCCTAGAAGCAACAGAGACAAGTG,120
OEG_AMPL778463_pELS,rev,GTCTCGTGGGCTCGGAGATGTGTATAAGAGACAGTTCCATTTTCCTTTTGGGCGG,120
OEG_AMPL778531_pELS,rev,GTCTCGTGGGCTCGGAGATGTGTATAAGAGACAGCAAACCAAATCAAAAGGAAATGAAATTCC,120
OEG_AMPL778507_pELS,rev,GTCTCGTGGGCTCGGAGATGTGTATAAGAGACAGTTGGGCAGGAGATTGAAATCG,120
OEG_AMPL778729_pELS,rev,GTCTCGTGGGCTCGGAGATGTGTATAAGAGACAGGATCCTACTGCGTTTCCACTTC,120
OEG_AMPL778755_pELS,rev,GTCTCGTGGGCTCGGAGATGTGTATAAGAGACAGTTCTCTGTTGATTTCTCAGCCTCG,120
OEG_AMPL778726_pELS,rev,GTCTCGTGGGCTCGGAGATGTGTATAAGAGACAGAGCGTGCCTAAACTTAGCCC,120
OEG_AMPL778746_pELS,rev,GTCTCGTGGGCTCGGAGATGTGTATAAGAGACAGCTCACAAACAATTCAGCAAAGTGAG,120
OEG_AMPL778470_pELS,rev,GTCTCGTGGGCTCGGAGATGTGTATAAGAGACAGTAAACTGGGGCTTGAGGTCCT,120
OEG_AMPL778474_pELS,rev,GTCTCGTGGGCTCGGAGATGTGTATAAGAGACAGTATCGGCCCTAGTCGGAGT,120
OEG_AMPL778625_pELS,rev,GTCTCGTGGGCTCGGAGATGTGTATAAGAGACAGAATGGCTCTGACTCGCTCTC,120
NOEG_AMPL779519_DNase_only,for,GTACTCGCAGTAGTCTTCATCACTCACAGGCAGGATT,240
NOEG_AMPL779365_DNase_only,for,GTACTCGCAGTAGTCCGTGATTCCAACTACCTGCTTAAG,240
NOEG_AMPL777308_DNase_only,for,GTACTCGCAGTAGTCACCTTCCTCCACTTTGGCTCTG,240
NOEG_AMPL779350_DNase_only,for,GTACTCGCAGTAGTCCCTTTAGCCTGCTGATCTAGGTT,240
NOEG_AMPL779510_DNase_only,for,GTACTCGCAGTAGTCCATTGTCTTTATTTATTTATTCGGGCTGTTA,240
NOEG_AMPL779237_DNase_only,for,GTACTCGCAGTAGTCATTAATTCAGGAAGGAAGCCACG,240
NOEG_AMPL779264_DNase_only,for,GTACTCGCAGTAGTCTGTACTAACTAGAAATGGTGGATGGG,240
NOEG_AMPL777457_DNase_only,for,GTACTCGCAGTAGTCATTCTACAAGTGGAAGAACAGGCA,240
NOEG_AMPL779450_DNase_only,for,GTACTCGCAGTAGTCTTACCATTCTTGCCACCCACC,240
NOEG_AMPL779644_DNase_only,for,GTACTCGCAGTAGTCGTACAGGAGTCCTTGGAAGGT,240
NOEG_AMPL777640_DNase_only,for,GTACTCGCAGTAGTCGTTGGCTCAGGAAGTTATTCTGTA,240
NOEG_AMPL777545_DNase_only,for,GTACTCGCAGTAGTCTGAACCCCAGAAAAGAAGATCCAC,240
NOEG_AMPL779172_DNase_only,for,GTACTCGCAGTAGTCTGTTATTCCTAATAGGGTTCATTGAGCT,240
NOEG_AMPL779456_DNase_only,for,GTACTCGCAGTAGTCACTTTGTAGACCCCAGACTTAGTG,240
NOEG_AMPL777413_DNase_only,for,GTACTCGCAGTAGTCAAAGTGTCTGCTTTGATCCATGC,240
NOEG_AMPL779580_DNase_only,for,GTACTCGCAGTAGTCAATGTCTCTGGGAGGGTAGGAT,240
NOEG_AMPL777549_DNase_only,for,GTACTCGCAGTAGTCACTTTTATTCCAACATTGGGTTCCAG,240
NOEG_AMPL779207_DNase_only,for,GTACTCGCAGTAGTCACTTTACTAACCCCTGTAGTGAGG,240
NOEG_AMPL779426_DNase_only,for,GTACTCGCAGTAGTCTCCATTTCACATTCTTCCATGCC,240
NOEG_AMPL777041_DNase_only,for,GTACTCGCAGTAGTCCACAATCTAGGCCGGTTGTG,240
NOEG_AMPL777600_H3K4,for,GTACTCGCAGTAGTCTGGAAGTACACGGGTGCGAT,240
NOEG_AMPL777608_H3K4,for,GTACTCGCAGTAGTCATTTTCACCACAGGGAACTTGGA,240
NOEG_AMPL779606_H3K4,for,GTACTCGCAGTAGTCGCATATTAGTGTGATGACGGAGG,240
NOEG_AMPL779468_H3K4,for,GTACTCGCAGTAGTCCCTGGGAAGTCACTGAAAACAG,240
NOEG_AMPL777616_H3K4,for,GTACTCGCAGTAGTCGGACTGCATCATAGGGATGTTCA,240
NOEG_AMPL779682_H3K4,for,GTACTCGCAGTAGTCAAGTGCTGTGAGAGGCGCA,240
NOEG_AMPL777491_H3K4,for,GTACTCGCAGTAGTCACAGATGACCGTAAGTTCATCAC,240
NOEG_AMPL779173_H3K4,for,GTACTCGCAGTAGTCATAGACGCTGGCTTTTCTCCAT,240
NOEG_AMPL779467_H3K4,for,GTACTCGCAGTAGTCACCAGCTCCATCCTAATCTCG,240
NOEG_AMPL777513_H3K4,for,GTACTCGCAGTAGTCCTCGCCTTGGTGAAATGGGAT,240
NOEG_AMPL779238_H3K4,for,GTACTCGCAGTAGTCACTTCTGGGCCTCCGAATCT,240
NOEG_AMPL779214_H3K4,for,GTACTCGCAGTAGTCCAAAACACTGGGTATGGGCAG,240
NOEG_AMPL777613_H3K4,for,GTACTCGCAGTAGTCACATCCCACTTTCCTACCCTAACC,240
NOEG_AMPL777627_H3K4,for,GTACTCGCAGTAGTCTTCCTCACATGCTACCCTGTC,240
NOEG_AMPL779704_H3K4,for,GTACTCGCAGTAGTCTTGTTTCTCATCATCTTCGCCGC,240
NOEG_AMPL777433_H3K4,for,GTACTCGCAGTAGTCCAGTTCTTCAGGAGGGTGAAAATT,240
NOEG_AMPL779164_H3K4,for,GTACTCGCAGTAGTCACATTTCTGCTAAAATACACTCAGGA,240
NOEG_AMPL777641_H3K4,for,GTACTCGCAGTAGTCTGAAGAGGGAACGGTTGCTG,240
NOEG_AMPL779602_H3K4,for,GTACTCGCAGTAGTCCTTTCACCAAGTCTTGCATTGC,240
NOEG_AMPL779583_H3K4,for,GTACTCGCAGTAGTCTCAGACCTTGACCCCCTTTTT,240
NOEG_AMPL779334_PLS,for,GTACTCGCAGTAGTCGCGGGTCTGCATTTTCACAG,240
NOEG_AMPL777281_PLS,for,GTACTCGCAGTAGTCGACTCCAATTCCTGATGTGCAAA,240
NOEG_AMPL779475_PLS,for,GTACTCGCAGTAGTCTGCATTCTTTTCTGATGTTTCCCC,240
NOEG_AMPL777310_PLS,for,GTACTCGCAGTAGTCTGAGGGATCAATGCACTTCCG,240
NOEG_AMPL779470_PLS,for,GTACTCGCAGTAGTCCAAGGGTTTCCAATCCATACTACAC,240
NOEG_AMPL777295_PLS,for,GTACTCGCAGTAGTCTCGAGTTCCGATTGGTTCCACA,240
NOEG_AMPL777543_PLS,for,GTACTCGCAGTAGTCTGGCCAGTTATAGGAGAGGC,240
NOEG_AMPL779553_PLS,for,GTACTCGCAGTAGTCCACTAACCAAGGAAAGGGGTATAAAATAA,240
NOEG_AMPL779192_PLS,for,GTACTCGCAGTAGTCAAGTAGTCCCGCCTGGAACT,240
NOEG_AMPL779559_PLS,for,GTACTCGCAGTAGTCATTCTCTGGACCTGTCTTTCTTCC,240
NOEG_AMPL779402_PLS,for,GTACTCGCAGTAGTCTAGAGACGAATTTAATCCAGAGTGTGG,240
NOEG_AMPL777441_PLS,for,GTACTCGCAGTAGTCTACTCACGTAACACAAGTCTTTCTTT,240
NOEG_AMPL779105_PLS,for,GTACTCGCAGTAGTCTTAGTGGAATCACGGTCCCAG,240
NOEG_AMPL777501_PLS,for,GTACTCGCAGTAGTCTAAAAGCTCCTCTTTGTTGCCTC,240
NOEG_AMPL777331_PLS,for,GTACTCGCAGTAGTCGGGTGGGATAAATCGAGAGGGT,240
NOEG_AMPL779476_PLS,for,GTACTCGCAGTAGTCTCGTATAACGTTGGGAGTTGGCT,240
NOEG_AMPL777619_PLS,for,GTACTCGCAGTAGTCTGGTAACGTTGAGGAAAGGACA,240
NOEG_AMPL777251_PLS,for,GTACTCGCAGTAGTCGAATCTCCTGATCCACCAGTCG,240
NOEG_AMPL779388_PLS,for,GTACTCGCAGTAGTCTATAAGTCATTGTGTACAACAGGTAGATCT,240
NOEG_AMPL777483_PLS,for,GTACTCGCAGTAGTCGAGGAAAGGAATTTGTTAGGACCC,240
NOEG_AMPL777554_dELS,for,GTACTCGCAGTAGTCGTAGCCAACTATAAACCATGCCC,240
NOEG_AMPL779283_dELS,for,GTACTCGCAGTAGTCAAAGAGGGTCTCCGGTTTGC,240
NOEG_AMPL779588_dELS,for,GTACTCGCAGTAGTCGCTTCTTGCTAAGGCTTATAAATTTACGA,240
NOEG_AMPL777083_dELS,for,GTACTCGCAGTAGTCCACCAGCGGACACAAGTATGA,240
NOEG_AMPL779540_dELS,for,GTACTCGCAGTAGTCCGGCAAGTGATTTATCCCTGTAC,240
NOEG_AMPL779527_dELS,for,GTACTCGCAGTAGTCAAAGGCTCCTCCCTCTGCTA,240
NOEG_AMPL777053_dELS,for,GTACTCGCAGTAGTCCACCCAGGTCATTTCGTCCATC,240
NOEG_AMPL779124_dELS,for,GTACTCGCAGTAGTCCCTTGTCTCTCTCCCTCTGATT,240
NOEG_AMPL779107_dELS,for,GTACTCGCAGTAGTCAATTTATGAGCACCATCAGCCCA,240
NOEG_AMPL779632_dELS,for,GTACTCGCAGTAGTCTTCTGGGGCTTTCTGAACACAG,240
NOEG_AMPL777538_dELS,for,GTACTCGCAGTAGTCCATATGGTAAAATATTCATCGGGATGC,240
NOEG_AMPL777571_dELS,for,GTACTCGCAGTAGTCTGAATAATGAAGAGTTCTGTTCTCCTC,240
NOEG_AMPL777087_dELS,for,GTACTCGCAGTAGTCTCTCTGAAAGCCTTATTGATTGCT,240
NOEG_AMPL777044_dELS,for,GTACTCGCAGTAGTCCATGAAAGTTAAACTCTGCCATTTTGCC,240
NOEG_AMPL779626_dELS,for,GTACTCGCAGTAGTCCATTTCCTGTTGGTGTCCTTTGAC,240
NOEG_AMPL779654_dELS,for,GTACTCGCAGTAGTCCACAGGGACACTCTGAATCTAAAAC,240
NOEG_AMPL777454_dELS,for,GTACTCGCAGTAGTCGGGTGGGGTGGAGCTTAGAATT,240
NOEG_AMPL777362_dELS,for,GTACTCGCAGTAGTCGACTGGAGAGGAGGAAATGAAGT,240
NOEG_AMPL777332_dELS,for,GTACTCGCAGTAGTCCATAAAGCCGATCTTCGCCG,240
NOEG_AMPL777468_dELS,for,GTACTCGCAGTAGTCGCGTCTATGTCTCAGGTCCCTT,240
NOEG_AMPL779453_low_DNase,for,GTACTCGCAGTAGTCCGTGTTTTCTCCATGTTGAACCA,240
NOEG_AMPL779649_low_DNase,for,GTACTCGCAGTAGTCGAGCACTTTGCAGAGGGACA,240
NOEG_AMPL779249_low_DNase,for,GTACTCGCAGTAGTCGAAACTCAAGGAAATCAGGCATCC,240
NOEG_AMPL779213_low_DNase,for,GTACTCGCAGTAGTCCAGCTCTGTCACTTAACAGGTGT,240
NOEG_AMPL779246_low_DNase,for,GTACTCGCAGTAGTCTTGGTACTAGGGAAACAGACTCTT,240
NOEG_AMPL779420_low_DNase,for,GTACTCGCAGTAGTCATCTATTTGTGAAGTTGCTGGGAG,240
NOEG_AMPL779544_low_DNase,for,GTACTCGCAGTAGTCTGTACCTGGGAATCCATATTTGGTG,240
NOEG_AMPL779205_low_DNase,for,GTACTCGCAGTAGTCTGAAGTTCTGCTATCCTTTAACAATGC,240
NOEG_AMPL779566_low_DNase,for,GTACTCGCAGTAGTCCGTGAAGGTCAACGCTTTTACTTT,240
NOEG_AMPL779367_low_DNase,for,GTACTCGCAGTAGTCCGTTGACTGAAGGCCAACTGT,240
NOEG_AMPL779259_low_DNase,for,GTACTCGCAGTAGTCTCACAAAGCTGAGTTCAAGGTGA,240
NOEG_AMPL779440_low_DNase,for,GTACTCGCAGTAGTCCTCACCATGCTTCGCAGAAGT,240
NOEG_AMPL779220_low_DNase,for,GTACTCGCAGTAGTCGCTGGGAGGGTCTAATATGAGTTT,240
NOEG_AMPL779177_low_DNase,for,GTACTCGCAGTAGTCGCTTTTGGCGTTTGAGGAAAATC,240
NOEG_AMPL779512_low_DNase,for,GTACTCGCAGTAGTCTGAGTACACGGAATCAGTTGATGT,240
NOEG_AMPL779400_low_DNase,for,GTACTCGCAGTAGTCAGCCTGCCAAATCAGAATCGT,240
NOEG_AMPL779726_low_DNase,for,GTACTCGCAGTAGTCCTGCCTTGAATTCCTTTGTATTCCT,240
NOEG_AMPL779417_low_DNase,for,GTACTCGCAGTAGTCAGGAATGTAAGACCCTTTCCCC,240
NOEG_AMPL779280_low_DNase,for,GTACTCGCAGTAGTCAGTAAGTACTCTGAGAGCCCACA,240
NOEG_AMPL779589_low_DNase,for,GTACTCGCAGTAGTCCGTTCTATCACTGCACTCCTCT,240
NOEG_AMPL777237_pELS,for,GTACTCGCAGTAGTCGGGTTACTTTCTGTTTAAGCAAGGA,240
NOEG_AMPL777604_pELS,for,GTACTCGCAGTAGTCACGTTCTGACCACTGTCCTG,240
NOEG_AMPL777561_pELS,for,GTACTCGCAGTAGTCTTTCCTACCTCCAACCAGTAAACA,240
NOEG_AMPL777214_pELS,for,GTACTCGCAGTAGTCAGAGAAACTTAATTGCTGTTTGTTCC,240
NOEG_AMPL779668_pELS,for,GTACTCGCAGTAGTCGAAGGCCTGAGAGGACATAGTC,240
NOEG_AMPL777455_pELS,for,GTACTCGCAGTAGTCGCAGGTGTCATCCCAGAATAACT,240
NOEG_AMPL777232_pELS,for,GTACTCGCAGTAGTCTCCAGAGTAGTGTAGTTTCTCCC,240
NOEG_AMPL777406_pELS,for,GTACTCGCAGTAGTCAGCCAGAGAAGTCCTTCCTTTC,240
NOEG_AMPL777548_pELS,for,GTACTCGCAGTAGTCCTCAGAGAAGGAGCAACAAGTAGT,240
NOEG_AMPL779568_pELS,for,GTACTCGCAGTAGTCATAAAAGAAAGCTGTACCCTGACTACA,240
NOEG_AMPL777239_pELS,for,GTACTCGCAGTAGTCTAACAAAAGACCCCGGTTCTATAGGA,240
NOEG_AMPL777395_pELS,for,GTACTCGCAGTAGTCCTCCCAATACATTATAATTCCGAAACACA,240
NOEG_AMPL779685_pELS,for,GTACTCGCAGTAGTCAAACCTTACAACCTTCTCCGTGG,240
NOEG_AMPL777067_pELS,for,GTACTCGCAGTAGTCTGATCTTTGCTGAGGTACAACAATG,240
NOEG_AMPL779143_pELS,for,GTACTCGCAGTAGTCTCCACGGACAATTGGGAGACT,240
NOEG_AMPL777437_pELS,for,GTACTCGCAGTAGTCCGTCCCTAACTTTGGCAAAATTAAG,240
NOEG_AMPL779431_pELS,for,GTACTCGCAGTAGTCAATCAGGCAGGGTGCTCCTA,240
NOEG_AMPL779443_pELS,for,GTACTCGCAGTAGTCCGGCTCCAGTTTCTTGTAGATTAG,240
NOEG_AMPL777320_pELS,for,GTACTCGCAGTAGTCGGGGAAATTCACGAAACTGGTTATT,240
NOEG_AMPL779590_pELS,for,GTACTCGCAGTAGTCGCAGTTATATGAGGAGACTGGAAG,240
OEG_AMPL778425_DNase_only,for,GTACTCGCAGTAGTCGGTCTGAATTTTCTTGGAACCTCC,240
OEG_AMPL778749_DNase_only,for,GTACTCGCAGTAGTCAGAGGCCCTCGGAAAATAGAGA,240
OEG_AMPL778662_DNase_only,for,GTACTCGCAGTAGTCTTCCTCCAACTATTGTCAAAGAAGG,240
OEG_AMPL778759_DNase_only,for,GTACTCGCAGTAGTCGATTGATTGAGGAGACTGGCC,240
OEG_AMPL778626_DNase_only,for,GTACTCGCAGTAGTCCTTGTGAGATATGTACACAGAATACAGAG,240
OEG_AMPL778763_DNase_only,for,GTACTCGCAGTAGTCTCAAGCAGAGTGGAGACTTACG,240
OEG_AMPL778698_DNase_only,for,GTACTCGCAGTAGTCAGGTAGTGTGAGAGGAATCCGA,240
OEG_AMPL778591_DNase_only,for,GTACTCGCAGTAGTCAGAAGTTACAATGGTTGACTCATACC,240
OEG_AMPL778579_DNase_only,for,GTACTCGCAGTAGTCCAGTAAGAATAACTTCCAGTGTGCT,240
OEG_AMPL778426_DNase_only,for,GTACTCGCAGTAGTCCTACGGTATCCCTGGAAACACAG,240
OEG_AMPL778760_DNase_only,for,GTACTCGCAGTAGTCTTCCTGATAGCTACAAGAAACAGAGC,240
OEG_AMPL778518_DNase_only,for,GTACTCGCAGTAGTCCTAGCTTGAGTTTCAGCCACAC,240
OEG_AMPL778660_DNase_only,for,GTACTCGCAGTAGTCCCCAGACACATCACGGTCAAAC,240
OEG_AMPL778597_DNase_only,for,GTACTCGCAGTAGTCGGGGTTCCAGATTTGATGTCTAATT,240
OEG_AMPL778739_DNase_only,for,GTACTCGCAGTAGTCTCACTTAGCTGCAACCAAATTCTTA,240
OEG_AMPL778469_DNase_only,for,GTACTCGCAGTAGTCGGCCCAGAATCAACTAAATATCCTT,240
OEG_AMPL778708_DNase_only,for,GTACTCGCAGTAGTCACATTACGCATTTTCACCAGCTAG,240
OEG_AMPL778606_DNase_only,for,GTACTCGCAGTAGTCGAGGAGTTCAACAGGCATTTGT,240
OEG_AMPL778691_DNase_only,for,GTACTCGCAGTAGTCGGCTTTACCTGAGCTGACATAAATAC,240
OEG_AMPL778683_DNase_only,for,GTACTCGCAGTAGTCATTTCAGGACAGGTGTGACAGG,240
OEG_AMPL778643_H3K4,for,GTACTCGCAGTAGTCTTAAGGATTTGACTGCGATTGAGAA,240
OEG_AMPL778543_H3K4,for,GTACTCGCAGTAGTCTGCTAAAAGCAGGCGACGG,240
OEG_AMPL778667_H3K4,for,GTACTCGCAGTAGTCAGCGAGAAATTTGACATCCCTGT,240
OEG_AMPL778599_H3K4,for,GTACTCGCAGTAGTCTGTCTGGCGCAAAGGTTTGG,240
OEG_AMPL778497_H3K4,for,GTACTCGCAGTAGTCTAAAATTTAGAGTCCTATCCCAGCAAC,240
OEG_AMPL778700_H3K4,for,GTACTCGCAGTAGTCTACCTGGCATAGCCCCTGTA,240
OEG_AMPL778505_H3K4,for,GTACTCGCAGTAGTCGCTTTCAGTTTCTGCTCAAATTGTG,240
OEG_AMPL778636_H3K4,for,GTACTCGCAGTAGTCTGAATGCACCACTACCTTTTGGC,240
OEG_AMPL778706_H3K4,for,GTACTCGCAGTAGTCAAAATGAGGCTAGGAGTTGGGG,240
OEG_AMPL778745_H3K4,for,GTACTCGCAGTAGTCCGGAGAGTTGAAACAGATGTGG,240
OEG_AMPL778621_H3K4,for,GTACTCGCAGTAGTCACCTCGTCTCTCATGAATGGG,240
OEG_AMPL778593_H3K4,for,GTACTCGCAGTAGTCTGGGCCTCGGTATTATTGCA,240
OEG_AMPL778562_H3K4,for,GTACTCGCAGTAGTCTTTCCCATACAAGGCGGGT,240
OEG_AMPL778754_H3K4,for,GTACTCGCAGTAGTCTGGTGGCCTGTGTACAACC,240
OEG_AMPL778752_H3K4,for,GTACTCGCAGTAGTCGAGAGATACGCCTGGATAGCTC,240
OEG_AMPL778569_H3K4,for,GTACTCGCAGTAGTCCGCATCACTAGGGTCAGAACT,240
OEG_AMPL778427_H3K4,for,GTACTCGCAGTAGTCCTTCCCCGCTGTCCTCTAA,240
OEG_AMPL778730_H3K4,for,GTACTCGCAGTAGTCTTAGGGCTAGATTAGAGGCGGG,240
OEG_AMPL778561_H3K4,for,GTACTCGCAGTAGTCGTTGGGTGCAAGTGTTCTGTG,240
OEG_AMPL778478_H3K4,for,GTACTCGCAGTAGTCAGATCTTGTAGACCGTAGCCGT,240
OEG_AMPL778548_PLS,for,GTACTCGCAGTAGTCCCAAGCTCTCCGAGTAGAAAAC,240
OEG_AMPL778653_PLS,for,GTACTCGCAGTAGTCGTTATAACTGAACAACCCGAGCCC,240
OEG_AMPL778432_PLS,for,GTACTCGCAGTAGTCGAAAAGAGGTTCTAAAAGAAGGGAGG,240
OEG_AMPL778450_PLS,for,GTACTCGCAGTAGTCTTGAATACCGCCACCCACATC,240
OEG_AMPL778437_PLS,for,GTACTCGCAGTAGTCTAGTAACGCAGATAAAAGTCACTCTC,240
OEG_AMPL778686_PLS,for,GTACTCGCAGTAGTCCCGGTTCTGTAAGTTTACCAAAGAT,240
OEG_AMPL778721_PLS,for,GTACTCGCAGTAGTCAAAGGAGTCAGGAAGTAAAGTGCA,240
OEG_AMPL778549_PLS,for,GTACTCGCAGTAGTCCCAGGACAAATACCGTGACTCTATT,240
OEG_AMPL778692_PLS,for,GTACTCGCAGTAGTCCCCACCTGCATCATTAAATTTCCA,240
OEG_AMPL778449_PLS,for,GTACTCGCAGTAGTCAACTCTCAAGGTCTCCCAGTCC,240
OEG_AMPL778458_PLS,for,GTACTCGCAGTAGTCAATCATCGCTCTCCAAGCCAG,240
OEG_AMPL778687_PLS,for,GTACTCGCAGTAGTCATAGTCCCCTGCATCTTTATTCACT,240
OEG_AMPL778496_PLS,for,GTACTCGCAGTAGTCAAAATTGAAGGCCATGTCGCG,240
OEG_AMPL778630_PLS,for,GTACTCGCAGTAGTCATCAGAACCTCCAGATGCCC,240
OEG_AMPL778622_PLS,for,GTACTCGCAGTAGTCTATTCCCATTAAATAAAGATGCTGATGGC,240
OEG_AMPL778477_PLS,for,GTACTCGCAGTAGTCGGTGGACTTCCTCTTGGTCTT,240
OEG_AMPL778438_PLS,for,GTACTCGCAGTAGTCCACACAAACACAAAAGGAAGCACA,240
OEG_AMPL778515_PLS,for,GTACTCGCAGTAGTCTTGGTTTCCCAATCCGAGACC,240
OEG_AMPL778602_PLS,for,GTACTCGCAGTAGTCTACTTCTGCCCTCCACAAAATCA,240
OEG_AMPL778436_PLS,for,GTACTCGCAGTAGTCAAAACCCAAGTCCACACTCGTT,240
OEG_AMPL778673_dELS,for,GTACTCGCAGTAGTCTTTCTCTGGTTTCACTTTCAGTTTCTT,240
OEG_AMPL778605_dELS,for,GTACTCGCAGTAGTCAACAAAATCTAATTTTCAGGCCCTTC,240
OEG_AMPL778472_dELS,for,GTACTCGCAGTAGTCGGTTTTCCGCTTTGCCAGCT,240
OEG_AMPL778748_dELS,for,GTACTCGCAGTAGTCCAGGAACTCTCCACCAGCTT,240
OEG_AMPL778642_dELS,for,GTACTCGCAGTAGTCTTGCCCCATTAAAAGGAAAGGG,240
OEG_AMPL778493_dELS,for,GTACTCGCAGTAGTCGGGTTAAGGATAATCCCACTCCT,240
OEG_AMPL778479_dELS,for,GTACTCGCAGTAGTCAGGATAAATACCTCTGTCAGTGTCT,240
OEG_AMPL778451_dELS,for,GTACTCGCAGTAGTCGAAGTCTGACACTGGGAAGTCA,240
OEG_AMPL778481_dELS,for,GTACTCGCAGTAGTCACGCACCTGTAGTGAAGCTG,240
OEG_AMPL778713_dELS,for,GTACTCGCAGTAGTCTCTCTCTAGACTTCGGAGCCTC,240
OEG_AMPL778429_dELS,for,GTACTCGCAGTAGTCTTCATAAAGTGCTTAACCCAGAGC,240
OEG_AMPL778511_dELS,for,GTACTCGCAGTAGTCACACAGGAAGCGATACCACAA,240
OEG_AMPL778633_dELS,for,GTACTCGCAGTAGTCCTGGGGAGCTTGTGTTCGAA,240
OEG_AMPL778628_dELS,for,GTACTCGCAGTAGTCACATACCCCAGAATTCACATCCC,240
OEG_AMPL778717_dELS,for,GTACTCGCAGTAGTCGTTTTGAAACTTTAGACCCCAGCTT,240
OEG_AMPL778623_dELS,for,GTACTCGCAGTAGTCTCCTTCTTTGAGTGAGCCAAGG,240
OEG_AMPL778624_dELS,for,GTACTCGCAGTAGTCCTCGCTACGCTTTTATAAGGATCAC,240
OEG_AMPL778661_dELS,for,GTACTCGCAGTAGTCCAACCAGGATTAGTTCAGACTGTG,240
OEG_AMPL778529_dELS,for,GTACTCGCAGTAGTCTGCAAGTAAGTCACTAGCGTTCA,240
OEG_AMPL778665_dELS,for,GTACTCGCAGTAGTCTTTAATTGTCAGGGTTTGTGGGC,240
OEG_AMPL778564_low_DNase,for,GTACTCGCAGTAGTCCAGTAGAGTGTGTCCTAACTTAACATG,240
OEG_AMPL778576_low_DNase,for,GTACTCGCAGTAGTCGAAACAATAGCTGACCCATCTTGA,240
OEG_AMPL778490_low_DNase,for,GTACTCGCAGTAGTCTGCCCTTTTATCAGTGGTTTAGTG,240
OEG_AMPL778465_low_DNase,for,GTACTCGCAGTAGTCTCATCGAATGACTGGCTTTTACTC,240
OEG_AMPL778601_low_DNase,for,GTACTCGCAGTAGTCGTGTGGCGTGTACATTTGTGTA,240
OEG_AMPL778652_low_DNase,for,GTACTCGCAGTAGTCGCATATTAAGAAGCGACCACATGC,240
OEG_AMPL778484_low_DNase,for,GTACTCGCAGTAGTCTGTTGGGGACTTCAGGTTTTGT,240
OEG_AMPL778618_low_DNase,for,GTACTCGCAGTAGTCCTAGACATGCTATTTCTGTGCTGTG,240
OEG_AMPL778697_low_DNase,for,GTACTCGCAGTAGTCAACTCATTAAATGCCTGTGATAACACT,240
OEG_AMPL778707_low_DNase,for,GTACTCGCAGTAGTCACTAATTTCACATAACTGGCTGGC,240
OEG_AMPL778514_low_DNase,for,GTACTCGCAGTAGTCGCCTCTTACTTGTTGTCTACCATG,240
OEG_AMPL778742_low_DNase,for,GTACTCGCAGTAGTCAACTAGATATAGGGACCCAGATCTCA,240
OEG_AMPL778486_low_DNase,for,GTACTCGCAGTAGTCTTTAGAAGTCCTCTGTCGCTGG,240
OEG_AMPL778694_low_DNase,for,GTACTCGCAGTAGTCCTGTTAATACTCCACCTCACAAACA,240
OEG_AMPL778440_low_DNase,for,GTACTCGCAGTAGTCTGTGGTTAAGTTTCCAAGCCAAC,240
OEG_AMPL778595_low_DNase,for,GTACTCGCAGTAGTCGTATTTTGTTTGTGTGTGGGAATGG,240
OEG_AMPL778753_low_DNase,for,GTACTCGCAGTAGTCGTCATCTCTGGGTCATCTGACA,240
OEG_AMPL778523_low_DNase,for,GTACTCGCAGTAGTCGAAAGTACGCAGCATTTGAACGA,240
OEG_AMPL778570_low_DNase,for,GTACTCGCAGTAGTCCTCCCTTACGGTTAGATATTGCCA,240
OEG_AMPL778487_low_DNase,for,GTACTCGCAGTAGTCGATGATTTCTGTCAGTGTGGAAGC,240
OEG_AMPL778463_pELS,for,GTACTCGCAGTAGTCAGTTGGATAGCGTTTGCCAAGTA,240
OEG_AMPL778531_pELS,for,GTACTCGCAGTAGTCATAGAGGGGCTGTGTCATAGAC,240
OEG_AMPL778507_pELS,for,GTACTCGCAGTAGTCCACACCCTTCTTCCTAGAATGTTTT,240
OEG_AMPL778729_pELS,for,GTACTCGCAGTAGTCCGGGAGAAATTAGACTAACAGCCT,240
OEG_AMPL778755_pELS,for,GTACTCGCAGTAGTCCAACTCCGCCTGTACTGAAATACA,240
OEG_AMPL778550_pELS,for,GTACTCGCAGTAGTCTAAGTGGCTGTAAATGAGGACGT,240
OEG_AMPL778611_pELS,for,GTACTCGCAGTAGTCTTTTGCAGGGTCTCTTTTGCC,240
OEG_AMPL778699_pELS,for,GTACTCGCAGTAGTCGGATCTCCGTTCGTTTGAAGACC,240
OEG_AMPL778442_pELS,for,GTACTCGCAGTAGTCGCGGTATCATCCACAACTTTCA,240
OEG_AMPL778547_pELS,for,GTACTCGCAGTAGTCGTATACAGGTGGTGATTGATGCC,240
OEG_AMPL778532_pELS,for,GTACTCGCAGTAGTCTATCCTCTGCCTGCCTTTGTA,240
OEG_AMPL778590_pELS,for,GTACTCGCAGTAGTCGTAGTCAGTGGTGATTTCTTCTGG,240
OEG_AMPL778731_pELS,for,GTACTCGCAGTAGTCCTTGCTCTCTTTGCCAGTACCT,240
OEG_AMPL778635_pELS,for,GTACTCGCAGTAGTCCATGCCTGAGAGAAAGGTCCT,240
OEG_AMPL778725_pELS,for,GTACTCGCAGTAGTCAAACTGCCAATATCCCAGAACTG,240
OEG_AMPL778502_pELS,for,GTACTCGCAGTAGTCTATGTTTGATTGAAAAGCCGCCC,240
OEG_AMPL778715_pELS,for,GTACTCGCAGTAGTCAACCAATGACAATGAACTAGTGACAG,240
OEG_AMPL778685_pELS,for,GTACTCGCAGTAGTCGTCTCCCTCCTAAGTGACATCCT,240
OEG_AMPL778671_pELS,for,GTACTCGCAGTAGTCATTCCAAATTTCAGCTCTCAGGGC,240
OEG_AMPL778525_pELS,for,GTACTCGCAGTAGTCCCAGTAAGTCAAGACCAGCAGATAA,240
NOEG_AMPL779519_DNase_only,rev,GTCTCGTGGGCTCGGAGATGTGTATAAGAGACAGCAATGACAGAGGAATAACATACACCG,240
NOEG_AMPL779365_DNase_only,rev,GTCTCGTGGGCTCGGAGATGTGTATAAGAGACAGTCTCTATTATATCAAATGTGGGGCAC,240
NOEG_AMPL777308_DNase_only,rev,GTCTCGTGGGCTCGGAGATGTGTATAAGAGACAGAAATAAACGTTCCCACAAAGCTACAC,240
NOEG_AMPL779350_DNase_only,rev,GTCTCGTGGGCTCGGAGATGTGTATAAGAGACAGTAATAAACCCATTTCAGTCTCTCTCTC,240
NOEG_AMPL779510_DNase_only,rev,GTCTCGTGGGCTCGGAGATGTGTATAAGAGACAGAATGGTTATGCAGGGCGGAG,240
NOEG_AMPL779237_DNase_only,rev,GTCTCGTGGGCTCGGAGATGTGTATAAGAGACAGAGATCTCGGTGATGCAATGTTG,240
NOEG_AMPL779264_DNase_only,rev,GTCTCGTGGGCTCGGAGATGTGTATAAGAGACAGTGGAAATCCAAACCCTGACAGC,240
NOEG_AMPL777457_DNase_only,rev,GTCTCGTGGGCTCGGAGATGTGTATAAGAGACAGTACTCGGCAGTAAGAGATAGCG,240
NOEG_AMPL779450_DNase_only,rev,GTCTCGTGGGCTCGGAGATGTGTATAAGAGACAGTAAGTGATTTGGAAATGCAGCAGG,240
NOEG_AMPL779644_DNase_only,rev,GTCTCGTGGGCTCGGAGATGTGTATAAGAGACAGCCTTTTGTCCTCTCCTTATTGTACTC,240
NOEG_AMPL777640_DNase_only,rev,GTCTCGTGGGCTCGGAGATGTGTATAAGAGACAGCAAGTGTGGTCAAGGGTCTTG,240
NOEG_AMPL777545_DNase_only,rev,GTCTCGTGGGCTCGGAGATGTGTATAAGAGACAGTACATGCTCCACAAACCTGCT,240
NOEG_AMPL779172_DNase_only,rev,GTCTCGTGGGCTCGGAGATGTGTATAAGAGACAGGCTTTTACAGGCGAGCTTTGC,240
NOEG_AMPL779456_DNase_only,rev,GTCTCGTGGGCTCGGAGATGTGTATAAGAGACAGGCACTTCCAACAGATCAAATTCTTT,240
NOEG_AMPL777413_DNase_only,rev,GTCTCGTGGGCTCGGAGATGTGTATAAGAGACAGGTGGTCAAATTAGGCAGGGCT,240
NOEG_AMPL779580_DNase_only,rev,GTCTCGTGGGCTCGGAGATGTGTATAAGAGACAGTTGCAGCAGATGGAGTTAAGC,240
NOEG_AMPL777549_DNase_only,rev,GTCTCGTGGGCTCGGAGATGTGTATAAGAGACAGATACATAATCACTGACTCCATGCTG,240
NOEG_AMPL779207_DNase_only,rev,GTCTCGTGGGCTCGGAGATGTGTATAAGAGACAGGTTGAAGTAAAACACAGACACCCT,240
NOEG_AMPL779426_DNase_only,rev,GTCTCGTGGGCTCGGAGATGTGTATAAGAGACAGATTCTCTCCCCAAAGCTGTTTTAG,240
NOEG_AMPL777041_DNase_only,rev,GTCTCGTGGGCTCGGAGATGTGTATAAGAGACAGAGTGGTGCGATAGATCTCAGC,240
NOEG_AMPL777600_H3K4,rev,GTCTCGTGGGCTCGGAGATGTGTATAAGAGACAGATGTTTCTGGCCACACCCCT,240
NOEG_AMPL777608_H3K4,rev,GTCTCGTGGGCTCGGAGATGTGTATAAGAGACAGTCTGTCGCTATCACTTTCTTGGG,240
NOEG_AMPL779606_H3K4,rev,GTCTCGTGGGCTCGGAGATGTGTATAAGAGACAGCGCCCAAGGAAAACTCAAAATCA,240
NOEG_AMPL779468_H3K4,rev,GTCTCGTGGGCTCGGAGATGTGTATAAGAGACAGTGTCTGGGTAGTAGGATCACTGT,240
NOEG_AMPL777616_H3K4,rev,GTCTCGTGGGCTCGGAGATGTGTATAAGAGACAGCAGTGCGCTAGAGTGGAGA,240
NOEG_AMPL779682_H3K4,rev,GTCTCGTGGGCTCGGAGATGTGTATAAGAGACAGATTCCTGGAAATCCTTGATCGCC,240
NOEG_AMPL777491_H3K4,rev,GTCTCGTGGGCTCGGAGATGTGTATAAGAGACAGCGCTGTTCTCGGACCAAACT,240
NOEG_AMPL779173_H3K4,rev,GTCTCGTGGGCTCGGAGATGTGTATAAGAGACAGCCAAGGAACAGGAGAGTAAGAGG,240
NOEG_AMPL779467_H3K4,rev,GTCTCGTGGGCTCGGAGATGTGTATAAGAGACAGGGTGATAGAGAATTGGCAGGCT,240
NOEG_AMPL777513_H3K4,rev,GTCTCGTGGGCTCGGAGATGTGTATAAGAGACAGAAACTGGAATTTTAAGCGGAGGAG,240
NOEG_AMPL779238_H3K4,rev,GTCTCGTGGGCTCGGAGATGTGTATAAGAGACAGTGGGATGGACGAGAAGCAGT,240
NOEG_AMPL779214_H3K4,rev,GTCTCGTGGGCTCGGAGATGTGTATAAGAGACAGCGGGGAAACGTCTTGCTTCT,240
NOEG_AMPL777613_H3K4,rev,GTCTCGTGGGCTCGGAGATGTGTATAAGAGACAGTAAACACGGGCGAGTAAGTGG,240
NOEG_AMPL777627_H3K4,rev,GTCTCGTGGGCTCGGAGATGTGTATAAGAGACAGTCAGTGCTAGACCAACCTTTGA,240
NOEG_AMPL779704_H3K4,rev,GTCTCGTGGGCTCGGAGATGTGTATAAGAGACAGTCATCACCAGCTCGATGATCTG,240
NOEG_AMPL777433_H3K4,rev,GTCTCGTGGGCTCGGAGATGTGTATAAGAGACAGGAAATGTAGTCTCAAGGCGTCC,240
NOEG_AMPL779164_H3K4,rev,GTCTCGTGGGCTCGGAGATGTGTATAAGAGACAGTTTTCTGGGAACTGCGGTGTC,240
NOEG_AMPL777641_H3K4,rev,GTCTCGTGGGCTCGGAGATGTGTATAAGAGACAGTTCACATACAGGAGCTACATCCAG,240
NOEG_AMPL779602_H3K4,rev,GTCTCGTGGGCTCGGAGATGTGTATAAGAGACAGTTGTTTCCACCACCCTTAGGC,240
NOEG_AMPL779583_H3K4,rev,GTCTCGTGGGCTCGGAGATGTGTATAAGAGACAGAGTCTCAGGCTTCACAGCG,240
NOEG_AMPL779334_PLS,rev,GTCTCGTGGGCTCGGAGATGTGTATAAGAGACAGACTTACATAACCCAGGGCGG,240
NOEG_AMPL777281_PLS,rev,GTCTCGTGGGCTCGGAGATGTGTATAAGAGACAGATGCTTCCGGTTAGGCTACC,240
NOEG_AMPL779475_PLS,rev,GTCTCGTGGGCTCGGAGATGTGTATAAGAGACAGTACAGATCCCAGCAACAACTCG,240
NOEG_AMPL777310_PLS,rev,GTCTCGTGGGCTCGGAGATGTGTATAAGAGACAGTAGACTGGAGTCATGTGACCC,240
NOEG_AMPL779470_PLS,rev,GTCTCGTGGGCTCGGAGATGTGTATAAGAGACAGGGTGTGGCAAGTGTTAGTGATAAA,240
NOEG_AMPL777295_PLS,rev,GTCTCGTGGGCTCGGAGATGTGTATAAGAGACAGGAGTTTGTCAACCACCCTTCTC,240
NOEG_AMPL777543_PLS,rev,GTCTCGTGGGCTCGGAGATGTGTATAAGAGACAGTTAGAATCGGCCAAGTTCTTCGC,240
NOEG_AMPL779553_PLS,rev,GTCTCGTGGGCTCGGAGATGTGTATAAGAGACAGTTGGCTGCTTAAGACGGAAGC,240
NOEG_AMPL779192_PLS,rev,GTCTCGTGGGCTCGGAGATGTGTATAAGAGACAGTTTCTAGGGAAACAGGACTGTAACG,240
NOEG_AMPL779559_PLS,rev,GTCTCGTGGGCTCGGAGATGTGTATAAGAGACAGAACTTCTACTCTAATTCTTCTACGACGGAC,240
NOEG_AMPL779402_PLS,rev,GTCTCGTGGGCTCGGAGATGTGTATAAGAGACAGATTTGTTTCCGGTCCCTGCC,240
NOEG_AMPL777441_PLS,rev,GTCTCGTGGGCTCGGAGATGTGTATAAGAGACAGAGTGACCTGCCAATCTACGGA,240
NOEG_AMPL779105_PLS,rev,GTCTCGTGGGCTCGGAGATGTGTATAAGAGACAGGTAACTCCACTTCCGTTGCC,240
NOEG_AMPL777501_PLS,rev,GTCTCGTGGGCTCGGAGATGTGTATAAGAGACAGCTGCTGGCCAATAAGCGACA,240
NOEG_AMPL777331_PLS,rev,GTCTCGTGGGCTCGGAGATGTGTATAAGAGACAGTTACTCTAGCTTCGTGCCACC,240
NOEG_AMPL779476_PLS,rev,GTCTCGTGGGCTCGGAGATGTGTATAAGAGACAGTCTTGGCCAGTCTCCGAGA,240
NOEG_AMPL777619_PLS,rev,GTCTCGTGGGCTCGGAGATGTGTATAAGAGACAGACTAGCTGTCAAAAGAGTCCTCA,240
NOEG_AMPL777251_PLS,rev,GTCTCGTGGGCTCGGAGATGTGTATAAGAGACAGTACTTGCATTGGGACTCATCAGGA,240
NOEG_AMPL779388_PLS,rev,GTCTCGTGGGCTCGGAGATGTGTATAAGAGACAGTGGAAAGGTCAATTCGTCTATCCC,240
NOEG_AMPL777483_PLS,rev,GTCTCGTGGGCTCGGAGATGTGTATAAGAGACAGGGTCCTTTGAGCTCCTAGAGGT,240
NOEG_AMPL777554_dELS,rev,GTCTCGTGGGCTCGGAGATGTGTATAAGAGACAGGAACGCACACACTAAGCTAGGA,240
NOEG_AMPL779283_dELS,rev,GTCTCGTGGGCTCGGAGATGTGTATAAGAGACAGAGGAACATTCAATATGGCATCTCC,240
NOEG_AMPL779588_dELS,rev,GTCTCGTGGGCTCGGAGATGTGTATAAGAGACAGAGACAGGGATTTGTTGTCGGAG,240
NOEG_AMPL777083_dELS,rev,GTCTCGTGGGCTCGGAGATGTGTATAAGAGACAGAAAATTCTGGGGTTTCTTCCGG,240
NOEG_AMPL779540_dELS,rev,GTCTCGTGGGCTCGGAGATGTGTATAAGAGACAGGGTGGCAATGTTGTAATGTGGT,240
NOEG_AMPL779527_dELS,rev,GTCTCGTGGGCTCGGAGATGTGTATAAGAGACAGATGGCAAAACCTCTCTCGGT,240
NOEG_AMPL777053_dELS,rev,GTCTCGTGGGCTCGGAGATGTGTATAAGAGACAGCTATGACTGTCCCTGCATCCT,240
NOEG_AMPL779124_dELS,rev,GTCTCGTGGGCTCGGAGATGTGTATAAGAGACAGTGAGACGTTTCCCTGCACG,240
NOEG_AMPL779107_dELS,rev,GTCTCGTGGGCTCGGAGATGTGTATAAGAGACAGTCTCTTTAGCTGTGTTGGGGC,240
NOEG_AMPL779632_dELS,rev,GTCTCGTGGGCTCGGAGATGTGTATAAGAGACAGGTTTGATGTGCTAATGAGGGCAT,240
NOEG_AMPL777538_dELS,rev,GTCTCGTGGGCTCGGAGATGTGTATAAGAGACAGGGACGTTGGTGGAATGTTAAATACA,240
NOEG_AMPL777571_dELS,rev,GTCTCGTGGGCTCGGAGATGTGTATAAGAGACAGCCATTAACCCCACAATAGCCTT,240
NOEG_AMPL777087_dELS,rev,GTCTCGTGGGCTCGGAGATGTGTATAAGAGACAGCATTGTGAGCGGCAAAGAGC,240
NOEG_AMPL777044_dELS,rev,GTCTCGTGGGCTCGGAGATGTGTATAAGAGACAGAACCAGAAACATCAGGCAACCA,240
NOEG_AMPL779626_dELS,rev,GTCTCGTGGGCTCGGAGATGTGTATAAGAGACAGTGGGGTGAGTAACATGAAGCC,240
NOEG_AMPL779654_dELS,rev,GTCTCGTGGGCTCGGAGATGTGTATAAGAGACAGGCTTACTGCACTGGATGAGTCA,240
NOEG_AMPL777454_dELS,rev,GTCTCGTGGGCTCGGAGATGTGTATAAGAGACAGCTGAAGGAAACTAAAGAAGACAATGGG,240
NOEG_AMPL777362_dELS,rev,GTCTCGTGGGCTCGGAGATGTGTATAAGAGACAGACATTTACACCTTAGTGAGAATCGAAA,240
NOEG_AMPL777332_dELS,rev,GTCTCGTGGGCTCGGAGATGTGTATAAGAGACAGATCACCTCCTCAGGCATTCAG,240
NOEG_AMPL777468_dELS,rev,GTCTCGTGGGCTCGGAGATGTGTATAAGAGACAGTTGCATAAGGAGCCCTGTGC,240
NOEG_AMPL779453_low_DNase,rev,GTCTCGTGGGCTCGGAGATGTGTATAAGAGACAGCAAATGAGCTACCACCAGTCAC,240
NOEG_AMPL779649_low_DNase,rev,GTCTCGTGGGCTCGGAGATGTGTATAAGAGACAGAGTGAGAATCCAACATATCCCCAA,240
NOEG_AMPL779249_low_DNase,rev,GTCTCGTGGGCTCGGAGATGTGTATAAGAGACAGGAGTGAAAGAAACCTTCCTGCTG,240
NOEG_AMPL779213_low_DNase,rev,GTCTCGTGGGCTCGGAGATGTGTATAAGAGACAGCAAAATGGACCTCAGCCCTACA,240
NOEG_AMPL779246_low_DNase,rev,GTCTCGTGGGCTCGGAGATGTGTATAAGAGACAGTCTAGAAGGCAGGATCATCACAG,240
NOEG_AMPL779420_low_DNase,rev,GTCTCGTGGGCTCGGAGATGTGTATAAGAGACAGGTAGTTGTATTTAGATGGCTCTTCCC,240
NOEG_AMPL779544_low_DNase,rev,GTCTCGTGGGCTCGGAGATGTGTATAAGAGACAGTAAATTTCTTCACCGCCTGTGG,240
NOEG_AMPL779205_low_DNase,rev,GTCTCGTGGGCTCGGAGATGTGTATAAGAGACAGTTTACATGGCTTATCTTCACTATGCC,240
NOEG_AMPL779566_low_DNase,rev,GTCTCGTGGGCTCGGAGATGTGTATAAGAGACAGAACTCAACCTGTATTAATAACTGGGG,240
NOEG_AMPL779367_low_DNase,rev,GTCTCGTGGGCTCGGAGATGTGTATAAGAGACAGTTTTGTGACAGCAAAGCCTTTG,240
NOEG_AMPL779259_low_DNase,rev,GTCTCGTGGGCTCGGAGATGTGTATAAGAGACAGTCTCTTGTTGACACTCGCTTGT,240
NOEG_AMPL779440_low_DNase,rev,GTCTCGTGGGCTCGGAGATGTGTATAAGAGACAGTCTAATCCTGGTAGGCCACAAG,240
NOEG_AMPL779220_low_DNase,rev,GTCTCGTGGGCTCGGAGATGTGTATAAGAGACAGGGGAAGTTTCTTGCTGTGTAGAAT,240
NOEG_AMPL779177_low_DNase,rev,GTCTCGTGGGCTCGGAGATGTGTATAAGAGACAGAGGAGGGGAAACTTGTCTACATT,240
NOEG_AMPL779512_low_DNase,rev,GTCTCGTGGGCTCGGAGATGTGTATAAGAGACAGTACACCCTACTGTCAATTCTCTCC,240
NOEG_AMPL779400_low_DNase,rev,GTCTCGTGGGCTCGGAGATGTGTATAAGAGACAGTCATCTTCTCATTTCAGGGCTCAG,240
NOEG_AMPL779726_low_DNase,rev,GTCTCGTGGGCTCGGAGATGTGTATAAGAGACAGAAGCTCTGATGAGTCCACTTCC,240
NOEG_AMPL779417_low_DNase,rev,GTCTCGTGGGCTCGGAGATGTGTATAAGAGACAGTTTGCTTGAACTCCCTCCTGTT,240
NOEG_AMPL779280_low_DNase,rev,GTCTCGTGGGCTCGGAGATGTGTATAAGAGACAGAAATTAGCATACTGACGTGATGAAGTG,240
NOEG_AMPL779589_low_DNase,rev,GTCTCGTGGGCTCGGAGATGTGTATAAGAGACAGTTCTTCTCCCAGGAAGCGATG,240
NOEG_AMPL777237_pELS,rev,GTCTCGTGGGCTCGGAGATGTGTATAAGAGACAGGGCTGATTACAACTAATGGTTCTGA,240
NOEG_AMPL777604_pELS,rev,GTCTCGTGGGCTCGGAGATGTGTATAAGAGACAGTCATTCCCTCCCAACCTTGTG,240
NOEG_AMPL777561_pELS,rev,GTCTCGTGGGCTCGGAGATGTGTATAAGAGACAGTAATGCCAGCCTCATTCATCGT,240
NOEG_AMPL777214_pELS,rev,GTCTCGTGGGCTCGGAGATGTGTATAAGAGACAGATATCAGCCTCAGTCCAAGCC,240
NOEG_AMPL779668_pELS,rev,GTCTCGTGGGCTCGGAGATGTGTATAAGAGACAGGAGACCCTGACTCAAAAATAAATACATATATAA,240
NOEG_AMPL777455_pELS,rev,GTCTCGTGGGCTCGGAGATGTGTATAAGAGACAGGAAGGGGAAGGATATGGAACCAA,240
NOEG_AMPL777232_pELS,rev,GTCTCGTGGGCTCGGAGATGTGTATAAGAGACAGCTTCATCTATTCCCACATACCTGG,240
NOEG_AMPL777406_pELS,rev,GTCTCGTGGGCTCGGAGATGTGTATAAGAGACAGAGATTCATGGTTACTGTTCTGAGGA,240
NOEG_AMPL777548_pELS,rev,GTCTCGTGGGCTCGGAGATGTGTATAAGAGACAGCCAAATGTACTTCCATCTGACAAATCC,240
NOEG_AMPL779568_pELS,rev,GTCTCGTGGGCTCGGAGATGTGTATAAGAGACAGCCTTGCTCATGTAGACAACTGAT,240
NOEG_AMPL777239_pELS,rev,GTCTCGTGGGCTCGGAGATGTGTATAAGAGACAGATCCGAGAGCGACAAGGAAG,240
NOEG_AMPL777395_pELS,rev,GTCTCGTGGGCTCGGAGATGTGTATAAGAGACAGTGGGAGACTAACGCCACAATC,240
NOEG_AMPL779685_pELS,rev,GTCTCGTGGGCTCGGAGATGTGTATAAGAGACAGTAATCCGTCATTGGCCCACCT,240
NOEG_AMPL777067_pELS,rev,GTCTCGTGGGCTCGGAGATGTGTATAAGAGACAGCCTTCCCTGGTTTCTTGCATTAG,240
NOEG_AMPL779143_pELS,rev,GTCTCGTGGGCTCGGAGATGTGTATAAGAGACAGAGGTTGCTACACTCCCGAAGT,240
NOEG_AMPL777437_pELS,rev,GTCTCGTGGGCTCGGAGATGTGTATAAGAGACAGGCCGAAAGATTCAAATCCGAAAG,240
NOEG_AMPL779431_pELS,rev,GTCTCGTGGGCTCGGAGATGTGTATAAGAGACAGCGTCTACCACTGGATACTTCCG,240
NOEG_AMPL779443_pELS,rev,GTCTCGTGGGCTCGGAGATGTGTATAAGAGACAGAATTCTCTGGTTAAACTTCCGCC,240
NOEG_AMPL777320_pELS,rev,GTCTCGTGGGCTCGGAGATGTGTATAAGAGACAGCGTTCAAAGTAATCAGCGTCCG,240
NOEG_AMPL779590_pELS,rev,GTCTCGTGGGCTCGGAGATGTGTATAAGAGACAGGTCCACACAAACATGGCGATAG,240
OEG_AMPL778425_DNase_only,rev,GTCTCGTGGGCTCGGAGATGTGTATAAGAGACAGACTGGCAACTCTACAAGGACTG,240
OEG_AMPL778749_DNase_only,rev,GTCTCGTGGGCTCGGAGATGTGTATAAGAGACAGTTGTCTCTAATGCTGGATCTGGC,240
OEG_AMPL778662_DNase_only,rev,GTCTCGTGGGCTCGGAGATGTGTATAAGAGACAGGTGAGAAGGAACACAGAACACC,240
OEG_AMPL778759_DNase_only,rev,GTCTCGTGGGCTCGGAGATGTGTATAAGAGACAGGTGTGACTGAGTTAGCAGGC,240
OEG_AMPL778626_DNase_only,rev,GTCTCGTGGGCTCGGAGATGTGTATAAGAGACAGGATTACTAGTTATCTTTCAAGGCACAGC,240
OEG_AMPL778763_DNase_only,rev,GTCTCGTGGGCTCGGAGATGTGTATAAGAGACAGTTGTATTTGCCTTAGGACCCAGTG,240
OEG_AMPL778698_DNase_only,rev,GTCTCGTGGGCTCGGAGATGTGTATAAGAGACAGTGAATTCCAGACTTCATGTGTAGAAC,240
OEG_AMPL778591_DNase_only,rev,GTCTCGTGGGCTCGGAGATGTGTATAAGAGACAGCCAGTGTCTTTATCTTAGGTCTATGTG,240
OEG_AMPL778579_DNase_only,rev,GTCTCGTGGGCTCGGAGATGTGTATAAGAGACAGCTTTCTCCCCTTTAACCTTGGCT,240
OEG_AMPL778426_DNase_only,rev,GTCTCGTGGGCTCGGAGATGTGTATAAGAGACAGGGACTACTCAACATTCACACATGA,240
OEG_AMPL778760_DNase_only,rev,GTCTCGTGGGCTCGGAGATGTGTATAAGAGACAGTTGATGAATTGGCTTTGATCTTCCC,240
OEG_AMPL778518_DNase_only,rev,GTCTCGTGGGCTCGGAGATGTGTATAAGAGACAGCGTGTAGAAGAATGTCACACTAACC,240
OEG_AMPL778660_DNase_only,rev,GTCTCGTGGGCTCGGAGATGTGTATAAGAGACAGACCTCCCCGCTTTAGGCTTA,240
OEG_AMPL778597_DNase_only,rev,GTCTCGTGGGCTCGGAGATGTGTATAAGAGACAGCAAGAAGTGATACCAGAAAAGACCTG,240
OEG_AMPL778739_DNase_only,rev,GTCTCGTGGGCTCGGAGATGTGTATAAGAGACAGTGCAGAGTCTTAGGGTCATGAG,240
OEG_AMPL778469_DNase_only,rev,GTCTCGTGGGCTCGGAGATGTGTATAAGAGACAGAGTTCCAAACCCATGACGAAGA,240
OEG_AMPL778708_DNase_only,rev,GTCTCGTGGGCTCGGAGATGTGTATAAGAGACAGTATACACTACGCACACACACATACT,240
OEG_AMPL778606_DNase_only,rev,GTCTCGTGGGCTCGGAGATGTGTATAAGAGACAGTGTCATCCTCTTCTGACTCTTGT,240
OEG_AMPL778691_DNase_only,rev,GTCTCGTGGGCTCGGAGATGTGTATAAGAGACAGTTGATAGTGGCAGGCAGAGGA,240
OEG_AMPL778683_DNase_only,rev,GTCTCGTGGGCTCGGAGATGTGTATAAGAGACAGTGTTAAAGGCCTGGAAGTGAGAA,240
OEG_AMPL778643_H3K4,rev,GTCTCGTGGGCTCGGAGATGTGTATAAGAGACAGGAGGGAAAAGGACAACGGTC,240
OEG_AMPL778543_H3K4,rev,GTCTCGTGGGCTCGGAGATGTGTATAAGAGACAGTTTCAGAACCATAAGCAGTTAGTTGGG,240
OEG_AMPL778667_H3K4,rev,GTCTCGTGGGCTCGGAGATGTGTATAAGAGACAGAACCTGTTGGGACCTTGGTG,240
OEG_AMPL778599_H3K4,rev,GTCTCGTGGGCTCGGAGATGTGTATAAGAGACAGTTCCCAGACGCCTCTCAAGA,240
OEG_AMPL778497_H3K4,rev,GTCTCGTGGGCTCGGAGATGTGTATAAGAGACAGGTCTAGATTCCGCACTTCTTAAACT,240
OEG_AMPL778700_H3K4,rev,GTCTCGTGGGCTCGGAGATGTGTATAAGAGACAGTCAGCGAAAACGACTCCCCT,240
OEG_AMPL778505_H3K4,rev,GTCTCGTGGGCTCGGAGATGTGTATAAGAGACAGGAAATGTCACTGATGGTCTTTCCT,240
OEG_AMPL778636_H3K4,rev,GTCTCGTGGGCTCGGAGATGTGTATAAGAGACAGAGGTTTTCAAATAAGCTCACGCAG,240
OEG_AMPL778706_H3K4,rev,GTCTCGTGGGCTCGGAGATGTGTATAAGAGACAGGAGACCCTGGTGCAAAATGC,240
OEG_AMPL778745_H3K4,rev,GTCTCGTGGGCTCGGAGATGTGTATAAGAGACAGGAAGAAGAAAGCGGAAAAGAGGC,240
OEG_AMPL778621_H3K4,rev,GTCTCGTGGGCTCGGAGATGTGTATAAGAGACAGTTGACCCTCATCTGCATTTCAG,240
OEG_AMPL778593_H3K4,rev,GTCTCGTGGGCTCGGAGATGTGTATAAGAGACAGGCTGGAAATGAGCTTTCAACTTG,240
OEG_AMPL778562_H3K4,rev,GTCTCGTGGGCTCGGAGATGTGTATAAGAGACAGTACCTTGTTCAGGACACGCC,240
OEG_AMPL778754_H3K4,rev,GTCTCGTGGGCTCGGAGATGTGTATAAGAGACAGTCTTCCTGATGCCCTGAGGA,240
OEG_AMPL778752_H3K4,rev,GTCTCGTGGGCTCGGAGATGTGTATAAGAGACAGTTGGCACAATCTCTTCTGCTGG,240
OEG_AMPL778569_H3K4,rev,GTCTCGTGGGCTCGGAGATGTGTATAAGAGACAGGGAAACTTTCACTGAGTACAAGCT,240
OEG_AMPL778427_H3K4,rev,GTCTCGTGGGCTCGGAGATGTGTATAAGAGACAGTGTTTTCACCTGCCACTGGC,240
OEG_AMPL778730_H3K4,rev,GTCTCGTGGGCTCGGAGATGTGTATAAGAGACAGCCTCAGATTTTGCCATTTGGGG,240
OEG_AMPL778561_H3K4,rev,GTCTCGTGGGCTCGGAGATGTGTATAAGAGACAGGGCTCAGTCCTAAAACTCTGGG,240
OEG_AMPL778478_H3K4,rev,GTCTCGTGGGCTCGGAGATGTGTATAAGAGACAGACTTCGGCCTCTTCCACTACT,240
OEG_AMPL778548_PLS,rev,GTCTCGTGGGCTCGGAGATGTGTATAAGAGACAGAAGTAGCAAGTCCCCTGCCA,240
OEG_AMPL778653_PLS,rev,GTCTCGTGGGCTCGGAGATGTGTATAAGAGACAGCGGCATCTTTAAGGTAGCTGC,240
OEG_AMPL778432_PLS,rev,GTCTCGTGGGCTCGGAGATGTGTATAAGAGACAGTCTCTTCGCCTGTCCCTTGT,240
OEG_AMPL778450_PLS,rev,GTCTCGTGGGCTCGGAGATGTGTATAAGAGACAGAAACCATTACTCTACTGTTAAGGTGG,240
OEG_AMPL778437_PLS,rev,GTCTCGTGGGCTCGGAGATGTGTATAAGAGACAGTTGCAGTCTTGTTGCCACTT,240
OEG_AMPL778686_PLS,rev,GTCTCGTGGGCTCGGAGATGTGTATAAGAGACAGTTGGACCCTGAGCAGCCTTA,240
OEG_AMPL778721_PLS,rev,GTCTCGTGGGCTCGGAGATGTGTATAAGAGACAGAAGGTCACGAGTCTGTACGC,240
OEG_AMPL778549_PLS,rev,GTCTCGTGGGCTCGGAGATGTGTATAAGAGACAGGAGACTTTCTAGACGTTCCCTTAAAG,240
OEG_AMPL778692_PLS,rev,GTCTCGTGGGCTCGGAGATGTGTATAAGAGACAGGAAACTGGGTTTAGGAAGCTGC,240
OEG_AMPL778449_PLS,rev,GTCTCGTGGGCTCGGAGATGTGTATAAGAGACAGTGTAAACATCATAAAGGGCAAGGG,240
OEG_AMPL778458_PLS,rev,GTCTCGTGGGCTCGGAGATGTGTATAAGAGACAGGGTACATGTTTAAAGGACAGATTTTATGCT,240
OEG_AMPL778687_PLS,rev,GTCTCGTGGGCTCGGAGATGTGTATAAGAGACAGTGGCTCCAGAGTCTAATATCACG,240
OEG_AMPL778496_PLS,rev,GTCTCGTGGGCTCGGAGATGTGTATAAGAGACAGTTTTACCTTAACAGTGACACCCCA,240
OEG_AMPL778630_PLS,rev,GTCTCGTGGGCTCGGAGATGTGTATAAGAGACAGTGAGCACTATCATCCGGGAC,240
OEG_AMPL778622_PLS,rev,GTCTCGTGGGCTCGGAGATGTGTATAAGAGACAGGAGGGGTGATGGACGAACAT,240
OEG_AMPL778477_PLS,rev,GTCTCGTGGGCTCGGAGATGTGTATAAGAGACAGGAGGACATAAAGTGAGCTGGC,240
OEG_AMPL778438_PLS,rev,GTCTCGTGGGCTCGGAGATGTGTATAAGAGACAGGCTGCCACGGATAACAATACA,240
OEG_AMPL778515_PLS,rev,GTCTCGTGGGCTCGGAGATGTGTATAAGAGACAGAGATCTAGCCGCCCATTTCA,240
OEG_AMPL778602_PLS,rev,GTCTCGTGGGCTCGGAGATGTGTATAAGAGACAGTTATCTTTCACTTTCCTGCCCTGA,240
OEG_AMPL778436_PLS,rev,GTCTCGTGGGCTCGGAGATGTGTATAAGAGACAGAGACTTACGTGTCAGCTGCC,240
OEG_AMPL778673_dELS,rev,GTCTCGTGGGCTCGGAGATGTGTATAAGAGACAGCAAATCACCTCACACTCCTAGGA,240
OEG_AMPL778605_dELS,rev,GTCTCGTGGGCTCGGAGATGTGTATAAGAGACAGGTAGTTTAAGGATTTCCCCTGGG,240
OEG_AMPL778472_dELS,rev,GTCTCGTGGGCTCGGAGATGTGTATAAGAGACAGAACATGAGAGATGGCTGGGAG,240
OEG_AMPL778748_dELS,rev,GTCTCGTGGGCTCGGAGATGTGTATAAGAGACAGCCCTTTACTGTACAAGGTATGAGCA,240
OEG_AMPL778642_dELS,rev,GTCTCGTGGGCTCGGAGATGTGTATAAGAGACAGTTGGGGATTACCATTTGATGTGG,240
OEG_AMPL778493_dELS,rev,GTCTCGTGGGCTCGGAGATGTGTATAAGAGACAGCCCATCAGCAAACAATAACTCATGA,240
OEG_AMPL778479_dELS,rev,GTCTCGTGGGCTCGGAGATGTGTATAAGAGACAGAGCATGAGTCAGTGTTTCCTCA,240
OEG_AMPL778451_dELS,rev,GTCTCGTGGGCTCGGAGATGTGTATAAGAGACAGAACACTGACACCCTAGCTTGG,240
OEG_AMPL778481_dELS,rev,GTCTCGTGGGCTCGGAGATGTGTATAAGAGACAGAAGAGATAGAATCTGGGCCTTCT,240
OEG_AMPL778713_dELS,rev,GTCTCGTGGGCTCGGAGATGTGTATAAGAGACAGCGAGCAGATGCCTGATTTGC,240
OEG_AMPL778429_dELS,rev,GTCTCGTGGGCTCGGAGATGTGTATAAGAGACAGTCCCACTCTTCTTTCCAGGGTA,240
OEG_AMPL778511_dELS,rev,GTCTCGTGGGCTCGGAGATGTGTATAAGAGACAGTTCTTTCTAACTTGCCTTCTCCCG,240
OEG_AMPL778633_dELS,rev,GTCTCGTGGGCTCGGAGATGTGTATAAGAGACAGAGCTTAGCCCGCAGTTTGAC,240
OEG_AMPL778628_dELS,rev,GTCTCGTGGGCTCGGAGATGTGTATAAGAGACAGGCGAGGGTTGTTAGTACCGT,240
OEG_AMPL778717_dELS,rev,GTCTCGTGGGCTCGGAGATGTGTATAAGAGACAGTGTTTGTAGTTCCTTTGTTCAGGTC,240
OEG_AMPL778623_dELS,rev,GTCTCGTGGGCTCGGAGATGTGTATAAGAGACAGCTTCCGTTGAGAACAAGGAATTTC,240
OEG_AMPL778624_dELS,rev,GTCTCGTGGGCTCGGAGATGTGTATAAGAGACAGGCCCTCTTAGACAGAAAACAGTG,240
OEG_AMPL778661_dELS,rev,GTCTCGTGGGCTCGGAGATGTGTATAAGAGACAGCCTAAGGGAGATTGAACACTCAAAC,240
OEG_AMPL778529_dELS,rev,GTCTCGTGGGCTCGGAGATGTGTATAAGAGACAGGCACTTCCTGTTTCACTAAGAGAAA,240
OEG_AMPL778665_dELS,rev,GTCTCGTGGGCTCGGAGATGTGTATAAGAGACAGCCAGGTCCTAACAAGCAACTATTTT,240
OEG_AMPL778564_low_DNase,rev,GTCTCGTGGGCTCGGAGATGTGTATAAGAGACAGGCTGTAATAAAGTACCATAAACAGGGC,240
OEG_AMPL778576_low_DNase,rev,GTCTCGTGGGCTCGGAGATGTGTATAAGAGACAGCCCTCAAACACTTGCTTAGATGAA,240
OEG_AMPL778490_low_DNase,rev,GTCTCGTGGGCTCGGAGATGTGTATAAGAGACAGGATTGAATTTCCAGGCTAACCCAT,240
OEG_AMPL778465_low_DNase,rev,GTCTCGTGGGCTCGGAGATGTGTATAAGAGACAGGGTCCAAATCACCATCTCTTATCTG,240
OEG_AMPL778601_low_DNase,rev,GTCTCGTGGGCTCGGAGATGTGTATAAGAGACAGCCATCCACAGCTTGCTTTTAATTG,240
OEG_AMPL778652_low_DNase,rev,GTCTCGTGGGCTCGGAGATGTGTATAAGAGACAGGGTGATGTGAACTTTCCTGAGAAG,240
OEG_AMPL778484_low_DNase,rev,GTCTCGTGGGCTCGGAGATGTGTATAAGAGACAGAGTGATTGTCAAATTGCAGTGTCC,240
OEG_AMPL778618_low_DNase,rev,GTCTCGTGGGCTCGGAGATGTGTATAAGAGACAGGAGGCTTCAGTCCAGAGGATAA,240
OEG_AMPL778697_low_DNase,rev,GTCTCGTGGGCTCGGAGATGTGTATAAGAGACAGGGTGATTCATGTATGGGAAACATATTC,240
OEG_AMPL778707_low_DNase,rev,GTCTCGTGGGCTCGGAGATGTGTATAAGAGACAGGACCTTGTCTAAATATCTCAGGAGGTA,240
OEG_AMPL778514_low_DNase,rev,GTCTCGTGGGCTCGGAGATGTGTATAAGAGACAGTGGGCTTGCTTAATTCTCACAAC,240
OEG_AMPL778742_low_DNase,rev,GTCTCGTGGGCTCGGAGATGTGTATAAGAGACAGACATTCATGTGACTCAGAATTCAGA,240
OEG_AMPL778486_low_DNase,rev,GTCTCGTGGGCTCGGAGATGTGTATAAGAGACAGTTTCTGTGAGACCCTATGGATGG,240
OEG_AMPL778694_low_DNase,rev,GTCTCGTGGGCTCGGAGATGTGTATAAGAGACAGGTCTAAACCCTGTGCTGTGTTG,240
OEG_AMPL778440_low_DNase,rev,GTCTCGTGGGCTCGGAGATGTGTATAAGAGACAGCCCTAAGCTCACTTGCCTTAATAAG,240
OEG_AMPL778595_low_DNase,rev,GTCTCGTGGGCTCGGAGATGTGTATAAGAGACAGAATCAGTATTGAAGGAGAGTGGCT,240
OEG_AMPL778753_low_DNase,rev,GTCTCGTGGGCTCGGAGATGTGTATAAGAGACAGTAAGCAACAGGACCCGTGCA,240
OEG_AMPL778523_low_DNase,rev,GTCTCGTGGGCTCGGAGATGTGTATAAGAGACAGTAAAGCCCAGTCCTAAGGTGAAA,240
OEG_AMPL778570_low_DNase,rev,GTCTCGTGGGCTCGGAGATGTGTATAAGAGACAGTCCAGGGTTCTTTCACTTGGAG,240
OEG_AMPL778487_low_DNase,rev,GTCTCGTGGGCTCGGAGATGTGTATAAGAGACAGGTCAGGGAACATTTGCTTGTCTA,240
OEG_AMPL778463_pELS,rev,GTCTCGTGGGCTCGGAGATGTGTATAAGAGACAGTTCCATTTTCCTTTTGGGCGG,240
OEG_AMPL778531_pELS,rev,GTCTCGTGGGCTCGGAGATGTGTATAAGAGACAGCAAACCAAATCAAAAGGAAATGAAATTCC,240
OEG_AMPL778507_pELS,rev,GTCTCGTGGGCTCGGAGATGTGTATAAGAGACAGTTGGGCAGGAGATTGAAATCG,240
OEG_AMPL778729_pELS,rev,GTCTCGTGGGCTCGGAGATGTGTATAAGAGACAGGATCCTACTGCGTTTCCACTTC,240
OEG_AMPL778755_pELS,rev,GTCTCGTGGGCTCGGAGATGTGTATAAGAGACAGTTCTCTGTTGATTTCTCAGCCTCG,240
OEG_AMPL778550_pELS,rev,GTCTCGTGGGCTCGGAGATGTGTATAAGAGACAGAAGTCCGTAGTGTCTCATTGCA,240
OEG_AMPL778611_pELS,rev,GTCTCGTGGGCTCGGAGATGTGTATAAGAGACAGTTCCATAAGCCTGTGCCAGC,240
OEG_AMPL778699_pELS,rev,GTCTCGTGGGCTCGGAGATGTGTATAAGAGACAGAGTTTCCCTATAATGTCTACAGGTGACC,240
OEG_AMPL778442_pELS,rev,GTCTCGTGGGCTCGGAGATGTGTATAAGAGACAGCAAGGAACTCTAACTCCCAGAATTC,240
OEG_AMPL778547_pELS,rev,GTCTCGTGGGCTCGGAGATGTGTATAAGAGACAGCTTCAGTTGTCTTCAATGTGTTTCC,240
OEG_AMPL778532_pELS,rev,GTCTCGTGGGCTCGGAGATGTGTATAAGAGACAGAGAACCAGAAGGCATCACGC,240
OEG_AMPL778590_pELS,rev,GTCTCGTGGGCTCGGAGATGTGTATAAGAGACAGAACTTGCACAAGGTCGCAGG,240
OEG_AMPL778731_pELS,rev,GTCTCGTGGGCTCGGAGATGTGTATAAGAGACAGCACTGTCGTTCCTTCCCAAATT,240
OEG_AMPL778635_pELS,rev,GTCTCGTGGGCTCGGAGATGTGTATAAGAGACAGTCCCCAAAACAGCAATATTCCG,240
OEG_AMPL778725_pELS,rev,GTCTCGTGGGCTCGGAGATGTGTATAAGAGACAGTTCGGGCGGTAGTAACTAAGC,240
OEG_AMPL778502_pELS,rev,GTCTCGTGGGCTCGGAGATGTGTATAAGAGACAGTTCGTTAGTTGTGAGACCCTCC,240
OEG_AMPL778715_pELS,rev,GTCTCGTGGGCTCGGAGATGTGTATAAGAGACAGTTTACTCATTCTTCGGGGCTTTG,240
OEG_AMPL778685_pELS,rev,GTCTCGTGGGCTCGGAGATGTGTATAAGAGACAGTAGTTAAGGCCATAAAGCAAGCATG,240
OEG_AMPL778671_pELS,rev,GTCTCGTGGGCTCGGAGATGTGTATAAGAGACAGCCGGGCTCCAAATTAAGCTG,240
OEG_AMPL778525_pELS,rev,GTCTCGTGGGCTCGGAGATGTGTATAAGAGACAGGAAAGGAAAGGGCCAGATAGC,240